{"v":"4.7.1","fr":60,"ip":0,"op":33,"w":150,"h":150,"nm":"Camera_AnimOff","ddd":0,"assets":[],"layers":[{"ddd":0,"ind":1,"ty":4,"nm":"Line","ks":{"o":{"a":0,"k":100},"r":{"a":0,"k":0},"p":{"a":0,"k":[75,75,0]},"a":{"a":0,"k":[0,0,0]},"s":{"a":0,"k":[100,100,100]}},"ao":0,"shapes":[{"ty":"gr","it":[{"ty":"rc","d":1,"s":{"a":1,"k":[{"i":{"x":[0.833,0.833],"y":[0.833,0.833]},"o":{"x":[0.167,0.167],"y":[0.167,0.167]},"n":["0p833_0p833_0p167_0p167","0p833_0p833_0p167_0p167"],"t":24,"s":[95.039,16.752],"e":[95.039,1.752]},{"t":29}]},"p":{"a":1,"k":[{"i":{"x":0.833,"y":0.833},"o":{"x":0.167,"y":0.167},"n":"0p833_0p833_0p167_0p167","t":24,"s":[0,0],"e":[0,9],"to":[0,0],"ti":[0,0]},{"t":29}]},"r":{"a":0,"k":9.1},"nm":"Rectangle Path 1","mn":"ADBE Vector Shape - Rect"},{"ty":"fl","c":{"a":0,"k":[0,0,0,1]},"o":{"a":0,"k":100},"r":1,"nm":"Fill 1","mn":"ADBE Vector Graphic - Fill"},{"ty":"tr","p":{"a":0,"k":[0.02,26.126],"ix":2},"a":{"a":0,"k":[0,0],"ix":1},"s":{"a":0,"k":[100,100],"ix":3},"r":{"a":0,"k":0,"ix":6},"o":{"a":0,"k":100,"ix":7},"sk":{"a":0,"k":0,"ix":4},"sa":{"a":0,"k":0,"ix":5},"nm":"Transform"}],"nm":"Rectangle 1","np":2,"cix":2,"ix":1,"mn":"ADBE Vector Group"}],"ip":25,"op":29,"st":9,"bm":0,"sr":1},{"ddd":0,"ind":2,"ty":4,"nm":"Camera","ks":{"o":{"a":0,"k":100},"r":{"a":0,"k":0},"p":{"a":0,"k":[75,75,0]},"a":{"a":0,"k":[75,75,0]},"s":{"a":0,"k":[100,100,100]}},"ao":0,"shapes":[{"ty":"gr","it":[{"ind":0,"ty":"sh","ix":1,"ks":{"a":1,"k":[{"i":{"x":0,"y":1},"o":{"x":0.167,"y":0},"n":"0_1_0p167_0","t":2,"s":[{"i":[[0,0],[0,0],[0,0],[0,0]],"o":[[0,0],[0,0],[0,0],[0,0]],"v":[[32.176,-29.836],[15.016,-29.836],[15.016,-36.857],[32.176,-36.857]],"c":true}],"e":[{"i":[[0,0],[0,0],[0,0],[0,0]],"o":[[0,0],[0,0],[0,0],[0,0]],"v":[[32.176,-34.836],[15.016,-34.836],[15.016,-41.857],[32.176,-41.857]],"c":true}]},{"i":{"x":0.833,"y":0.833},"o":{"x":1,"y":0},"n":"0p833_0p833_1_0","t":12,"s":[{"i":[[0,0],[0,0],[0,0],[0,0]],"o":[[0,0],[0,0],[0,0],[0,0]],"v":[[32.176,-34.836],[15.016,-34.836],[15.016,-41.857],[32.176,-41.857]],"c":true}],"e":[{"i":[[0,0],[0,0],[0,0],[0,0]],"o":[[0,0],[0,0],[0,0],[0,0]],"v":[[32.179,17.997],[15.019,17.997],[15.031,17.143],[32.191,17.143]],"c":true}]},{"t":24}]},"nm":"Path 1","mn":"ADBE Vector Shape - Group"},{"ind":1,"ty":"sh","ix":2,"ks":{"a":1,"k":[{"i":{"x":0,"y":1},"o":{"x":0.167,"y":0},"n":"0_1_0p167_0","t":2,"s":[{"i":[[0,-7.021],[7.02,0],[0,7.02],[-7.15,0]],"o":[[0,7.02],[-7.15,0],[0,-7.021],[7.02,0]],"v":[[12.806,9.426],[0.065,22.166],[-12.806,9.426],[0.065,-3.446]],"c":true}],"e":[{"i":[[0,-7.021],[7.02,0],[0,7.02],[-7.15,0]],"o":[[0,7.02],[-7.15,0],[0,-7.021],[7.02,0]],"v":[[12.806,4.426],[0.065,17.166],[-12.806,4.426],[0.065,-8.446]],"c":true}]},{"i":{"x":0.833,"y":0.833},"o":{"x":1,"y":0},"n":"0p833_0p833_1_0","t":12,"s":[{"i":[[0,-7.021],[7.02,0],[0,7.02],[-7.15,0]],"o":[[0,7.02],[-7.15,0],[0,-7.021],[7.02,0]],"v":[[12.806,4.426],[0.065,17.166],[-12.806,4.426],[0.065,-8.446]],"c":true}],"e":[{"i":[[0,-0.481],[0.481,0],[0,0.481],[-0.49,0]],"o":[[0,0.481],[-0.49,0],[0,-0.481],[0.481,0]],"v":[[0.882,26.141],[0.009,27.014],[-0.873,26.141],[0.009,25.259]],"c":true}]},{"t":24}]},"nm":"Path 2","mn":"ADBE Vector Shape - Group"},{"ind":2,"ty":"sh","ix":3,"ks":{"a":1,"k":[{"i":{"x":0,"y":1},"o":{"x":0.167,"y":0},"n":"0_1_0p167_0","t":2,"s":[{"i":[[0,11.31],[11.18,0],[0,-11.311],[-11.31,0]],"o":[[0,-11.311],[-11.31,0],[0,11.31],[11.18,0]],"v":[[20.476,9.426],[0.065,-11.115],[-20.476,9.426],[0.065,29.836]],"c":true}],"e":[{"i":[[0,11.31],[11.18,0],[0,-11.311],[-11.31,0]],"o":[[0,-11.311],[-11.31,0],[0,11.31],[11.18,0]],"v":[[20.476,4.426],[0.065,-16.115],[-20.476,4.426],[0.065,24.836]],"c":true}]},{"i":{"x":0.833,"y":0.833},"o":{"x":1,"y":0},"n":"0p833_0p833_1_0","t":12,"s":[{"i":[[0,11.31],[11.18,0],[0,-11.311],[-11.31,0]],"o":[[0,-11.311],[-11.31,0],[0,11.31],[11.18,0]],"v":[[20.476,4.426],[0.065,-16.115],[-20.476,4.426],[0.065,24.836]],"c":true}],"e":[{"i":[[0,0.775],[0.766,0],[0,-0.775],[-0.775,0]],"o":[[0,-0.775],[-0.775,0],[0,0.775],[0.766,0]],"v":[[1.408,26.141],[0.009,24.734],[-1.398,26.141],[0.009,27.54]],"c":true}]},{"t":24}]},"nm":"Path 3","mn":"ADBE Vector Shape - Group"},{"ind":3,"ty":"sh","ix":4,"ks":{"a":1,"k":[{"i":{"x":0,"y":1},"o":{"x":0.167,"y":0},"n":"0_1_0p167_0","t":2,"s":[{"i":[[0,0],[2.21,0],[0,0],[0,-2.21],[0,0],[0,0],[-7.41,0],[-4.42,-5.201],[0,0]],"o":[[0,-2.21],[0,0],[-2.21,0],[0,0],[0,0],[4.549,-5.201],[7.281,0],[0,0],[0,0]],"v":[[41.927,-18.656],[37.896,-22.686],[-37.896,-22.686],[-41.927,-18.656],[-41.927,-6.176],[-18.525,-6.305],[0.065,-14.886],[18.525,-6.305],[41.927,-6.305]],"c":true}],"e":[{"i":[[0,0],[2.21,0],[0,0],[0,-2.21],[0,0],[0,0],[-7.41,0],[-4.42,-5.201],[0,0]],"o":[[0,-2.21],[0,0],[-2.21,0],[0,0],[0,0],[4.549,-5.201],[7.281,0],[0,0],[0,0]],"v":[[41.927,-23.656],[37.896,-27.686],[-37.896,-27.686],[-41.927,-23.656],[-41.927,-11.176],[-18.525,-11.305],[0.065,-19.886],[18.525,-11.305],[41.927,-11.305]],"c":true}]},{"i":{"x":0.833,"y":0.833},"o":{"x":1,"y":0},"n":"0p833_0p833_1_0","t":12,"s":[{"i":[[0,0],[2.21,0],[0,0],[0,-2.21],[0,0],[0,0],[-7.41,0],[-4.42,-5.201],[0,0]],"o":[[0,-2.21],[0,0],[-2.21,0],[0,0],[0,0],[4.549,-5.201],[7.281,0],[0,0],[0,0]],"v":[[41.927,-23.656],[37.896,-27.686],[-37.896,-27.686],[-41.927,-23.656],[-41.927,-11.176],[-18.525,-11.305],[0.065,-19.886],[18.525,-11.305],[41.927,-11.305]],"c":true}],"e":[{"i":[[0,0],[2.21,0],[0,0],[0,-2.21],[0,0],[0,0],[-7.41,0],[-4.42,-5.201],[0,0]],"o":[[0,-2.21],[0,0],[-2.21,0],[0,0],[0,0],[4.549,-5.201],[7.281,0],[0,0],[0,0]],"v":[[41.823,27.677],[37.792,23.647],[-38,23.647],[-42.031,27.677],[-42.062,32.824],[-18.66,32.695],[-0.07,24.114],[18.39,32.695],[41.792,32.695]],"c":true}]},{"t":24}]},"nm":"Path 4","mn":"ADBE Vector Shape - Group"},{"ind":4,"ty":"sh","ix":5,"ks":{"a":1,"k":[{"i":{"x":0,"y":1},"o":{"x":0.167,"y":0},"n":"0_1_0p167_0","t":2,"s":[{"i":[[0,-4.42],[0,0],[4.42,0],[0,0],[0,4.421],[0,0],[-4.29,0],[0,0],[0,0],[0,0],[0,0],[0,0]],"o":[[0,0],[0,4.421],[0,0],[-4.29,0],[0,0],[0,-4.42],[0,0],[0,0],[0,0],[0,0],[0,0],[4.42,0]],"v":[[47.387,-20.216],[47.387,28.926],[39.457,36.857],[-39.456,36.857],[-47.387,28.926],[-47.387,-20.216],[-39.456,-28.146],[-32.046,-28.146],[-32.046,-33.996],[-23.726,-33.996],[-23.726,-28.146],[39.457,-28.146]],"c":true}],"e":[{"i":[[0,-4.42],[0,0],[4.42,0],[0,0],[0,4.421],[0,0],[-4.29,0],[0,0],[0,0],[0,0],[0,0],[0,0]],"o":[[0,0],[0,4.421],[0,0],[-4.29,0],[0,0],[0,-4.42],[0,0],[0,0],[0,0],[0,0],[0,0],[4.42,0]],"v":[[47.387,-25.216],[47.387,28.926],[39.457,36.857],[-39.456,36.857],[-47.387,28.926],[-47.387,-25.216],[-39.456,-33.146],[-32.046,-33.146],[-32.046,-38.996],[-23.726,-38.996],[-23.726,-33.146],[39.457,-33.146]],"c":true}]},{"i":{"x":0.833,"y":0.833},"o":{"x":1,"y":0},"n":"0p833_0p833_1_0","t":12,"s":[{"i":[[0,-4.42],[0,0],[4.42,0],[0,0],[0,4.421],[0,0],[-4.29,0],[0,0],[0,0],[0,0],[0,0],[0,0]],"o":[[0,0],[0,4.421],[0,0],[-4.29,0],[0,0],[0,-4.42],[0,0],[0,0],[0,0],[0,0],[0,0],[4.42,0]],"v":[[47.387,-25.216],[47.387,28.926],[39.457,36.857],[-39.456,36.857],[-47.387,28.926],[-47.387,-25.216],[-39.456,-33.146],[-32.046,-33.146],[-32.046,-38.996],[-23.726,-38.996],[-23.726,-33.146],[39.457,-33.146]],"c":true}],"e":[{"i":[[0,-4.42],[0,0],[4.42,0],[0,0],[0,4.421],[0,0],[-4.29,0],[0,0],[0,0],[0,0],[0,0],[0,0]],"o":[[0,0],[0,4.421],[0,0],[-4.29,0],[0,0],[0,-4.42],[0,0],[0,0],[0,0],[0,0],[0,0],[4.42,0]],"v":[[47.39,27.617],[47.387,28.926],[39.457,36.857],[-39.456,36.857],[-47.387,28.926],[-47.384,27.617],[-39.453,19.687],[-32.043,19.687],[-32.1,19.004],[-23.78,19.004],[-23.723,19.687],[39.46,19.687]],"c":true}]},{"t":24}]},"nm":"Path 5","mn":"ADBE Vector Shape - Group"},{"ty":"fl","c":{"a":0,"k":[0,0,0,1]},"o":{"a":0,"k":100},"r":1,"nm":"Fill 1","mn":"ADBE Vector Graphic - Fill"},{"ty":"tr","p":{"a":0,"k":[75,72.984],"ix":2},"a":{"a":0,"k":[0,0],"ix":1},"s":{"a":0,"k":[100,100],"ix":3},"r":{"a":0,"k":0,"ix":6},"o":{"a":0,"k":100,"ix":7},"sk":{"a":0,"k":0,"ix":4},"sa":{"a":0,"k":0,"ix":5},"nm":"Transform"}],"nm":"Group 1","np":6,"cix":2,"ix":1,"mn":"ADBE Vector Group"}],"ip":0,"op":25,"st":-211,"bm":0,"sr":1}]}