{"v":"4.7.1","fr":30,"ip":0,"op":16,"w":150,"h":150,"nm":"Download_AnimOff","ddd":0,"assets":[],"layers":[{"ddd":0,"ind":1,"ty":4,"nm":"Page 2","td":1,"ks":{"o":{"a":0,"k":100},"r":{"a":0,"k":0},"p":{"a":0,"k":[75,75,0]},"a":{"a":0,"k":[75,75,0]},"s":{"a":0,"k":[100,100,100]}},"ao":0,"shapes":[{"ty":"gr","it":[{"ind":0,"ty":"sh","ix":1,"ks":{"a":0,"k":{"i":[[0,0],[0,0],[0,0],[0,0],[0,0]],"o":[[0,0],[0,0],[0,0],[0,0],[0,0]],"v":[[11.115,-39.521],[32.437,-17.68],[32.299,-1.545],[-32.574,-1.545],[-32.437,-39.521]],"c":true}},"nm":"Path 3","mn":"ADBE Vector Shape - Group"},{"ty":"fl","c":{"a":0,"k":[0,0,0,1]},"o":{"a":0,"k":100},"r":1,"nm":"Fill 1","mn":"ADBE Vector Graphic - Fill"},{"ty":"tr","p":{"a":0,"k":[75.002,73.406],"ix":2},"a":{"a":0,"k":[0,0],"ix":1},"s":{"a":0,"k":[100,100],"ix":3},"r":{"a":0,"k":0,"ix":6},"o":{"a":0,"k":100,"ix":7},"sk":{"a":0,"k":0,"ix":4},"sa":{"a":0,"k":0,"ix":5},"nm":"Transform"}],"nm":"Group 1","np":2,"cix":2,"ix":1,"mn":"ADBE Vector Group"}],"ip":11,"op":15,"st":-8,"bm":0,"sr":1},{"ddd":0,"ind":2,"ty":4,"nm":"Line","tt":1,"ks":{"o":{"a":0,"k":100},"r":{"a":0,"k":0},"p":{"a":1,"k":[{"i":{"x":0.833,"y":0.833},"o":{"x":0.167,"y":0.167},"n":"0p833_0p833_0p167_0p167","t":11,"s":[75,104.2,0],"e":[75,75,0],"to":[0,0,0],"ti":[0,0,0]},{"t":14}]},"a":{"a":0,"k":[0,0,0]},"s":{"a":0,"k":[100,100,100]}},"ao":0,"shapes":[{"ty":"gr","it":[{"ind":0,"ty":"sh","ix":1,"ks":{"a":0,"k":{"i":[[0,0],[0,0]],"o":[[0,0],[0,0]],"v":[[-32.55,-36.967],[32.2,-36.967]],"c":false}},"nm":"Path 1","mn":"ADBE Vector Shape - Group"},{"ty":"st","c":{"a":0,"k":[0,0,0,1]},"o":{"a":0,"k":100},"w":{"a":0,"k":8.3},"lc":1,"lj":1,"ml":4,"nm":"Stroke 1","mn":"ADBE Vector Graphic - Stroke"},{"ty":"tr","p":{"a":0,"k":[0,0],"ix":2},"a":{"a":0,"k":[0,0],"ix":1},"s":{"a":0,"k":[100,100],"ix":3},"r":{"a":0,"k":0,"ix":6},"o":{"a":0,"k":100,"ix":7},"sk":{"a":0,"k":0,"ix":4},"sa":{"a":0,"k":0,"ix":5},"nm":"Transform"}],"nm":"Shape 1","np":2,"cix":2,"ix":1,"mn":"ADBE Vector Group"},{"ty":"tm","s":{"a":1,"k":[{"i":{"x":[0.833],"y":[0.833]},"o":{"x":[0.167],"y":[0.167]},"n":["0p833_0p833_0p167_0p167"],"t":11,"s":[0],"e":[0]},{"t":14}],"ix":1},"e":{"a":1,"k":[{"i":{"x":[0.833],"y":[0.833]},"o":{"x":[0.167],"y":[0.167]},"n":["0p833_0p833_0p167_0p167"],"t":11,"s":[100],"e":[67.2]},{"t":14}],"ix":2},"o":{"a":0,"k":0,"ix":3},"m":1,"ix":2,"nm":"Trim Paths 1","mn":"ADBE Vector Filter - Trim"}],"ip":11,"op":15,"st":-8,"bm":0,"sr":1},{"ddd":0,"ind":3,"ty":4,"nm":"Matte","parent":2,"td":1,"ks":{"o":{"a":0,"k":100},"r":{"a":0,"k":0},"p":{"a":0,"k":[0,-28.6,0]},"a":{"a":0,"k":[0,0,0]},"s":{"a":0,"k":[10,10,100]}},"ao":0,"shapes":[{"ty":"gr","it":[{"ty":"rc","d":1,"s":{"a":0,"k":[743.953,556.016]},"p":{"a":0,"k":[0,0]},"r":{"a":0,"k":0},"nm":"Rectangle Path 1","mn":"ADBE Vector Shape - Rect"},{"ty":"fl","c":{"a":0,"k":[1,1,1,1]},"o":{"a":0,"k":100},"r":1,"nm":"Fill 1","mn":"ADBE Vector Graphic - Fill"},{"ty":"tr","p":{"a":0,"k":[-2.023,-320.008],"ix":2},"a":{"a":0,"k":[0,0],"ix":1},"s":{"a":0,"k":[100,100],"ix":3},"r":{"a":0,"k":0,"ix":6},"o":{"a":0,"k":100,"ix":7},"sk":{"a":0,"k":0,"ix":4},"sa":{"a":0,"k":0,"ix":5},"nm":"Transform"}],"nm":"Rectangle 1","np":3,"cix":2,"ix":1,"mn":"ADBE Vector Group"}],"ip":11,"op":15,"st":-8,"bm":0,"sr":1},{"ddd":0,"ind":4,"ty":4,"nm":"Page","tt":1,"ks":{"o":{"a":0,"k":100},"r":{"a":0,"k":0},"p":{"a":0,"k":[75,75,0]},"a":{"a":0,"k":[75,75,0]},"s":{"a":0,"k":[100,100,100]}},"ao":0,"shapes":[{"ty":"gr","it":[{"ind":0,"ty":"sh","ix":1,"ks":{"a":0,"k":{"i":[[0,0],[0,0],[0,0],[2.6,0],[0,0],[0,0],[4.29,0],[0,0]],"o":[[0,0],[0,0],[0,-3.12],[0,0],[0,0],[0,-3.12],[0,0],[0,0]],"v":[[-23.213,-10.905],[22.939,-10.905],[23.077,-11.051],[19.046,-14.561],[10.206,-14.561],[10.206,-24.18],[2.926,-30.161],[-23.076,-30.161]],"c":true}},"nm":"Path 2","mn":"ADBE Vector Shape - Group"},{"ind":1,"ty":"sh","ix":2,"ks":{"a":0,"k":{"i":[[0,0],[0,0],[0,0],[0,0],[0,0]],"o":[[0,0],[0,0],[0,0],[0,0],[0,0]],"v":[[11.115,-39.521],[32.437,-17.68],[32.299,-1.545],[-32.574,-1.545],[-32.437,-39.521]],"c":true}},"nm":"Path 3","mn":"ADBE Vector Shape - Group"},{"ty":"fl","c":{"a":0,"k":[0,0,0,1]},"o":{"a":0,"k":100},"r":1,"nm":"Fill 1","mn":"ADBE Vector Graphic - Fill"},{"ty":"tr","p":{"a":0,"k":[75.002,73.406],"ix":2},"a":{"a":0,"k":[0,0],"ix":1},"s":{"a":0,"k":[100,100],"ix":3},"r":{"a":0,"k":0,"ix":6},"o":{"a":0,"k":100,"ix":7},"sk":{"a":0,"k":0,"ix":4},"sa":{"a":0,"k":0,"ix":5},"nm":"Transform"}],"nm":"Group 1","np":3,"cix":2,"ix":1,"mn":"ADBE Vector Group"}],"ip":11,"op":15,"st":-8,"bm":0,"sr":1},{"ddd":0,"ind":5,"ty":4,"nm":"Arrow","ks":{"o":{"a":0,"k":100},"r":{"a":0,"k":0},"p":{"a":1,"k":[{"i":{"x":0,"y":1},"o":{"x":0.167,"y":0},"n":"0_1_0p167_0","t":1,"s":[75,75,0],"e":[75,79.2,0],"to":[0,0,0],"ti":[0,0,0]},{"i":{"x":0.833,"y":0.833},"o":{"x":0.643,"y":0},"n":"0p833_0p833_0p643_0","t":5,"s":[75,79.2,0],"e":[75,66.88,0],"to":[0,0,0],"ti":[0,0,0]},{"i":{"x":0.833,"y":0.833},"o":{"x":0.167,"y":0.167},"n":"0p833_0p833_0p167_0p167","t":10,"s":[75,66.88,0],"e":[75,53.9,0],"to":[0,0,0],"ti":[0,0,0]},{"t":11}]},"a":{"a":0,"k":[75,75,0]},"s":{"a":1,"k":[{"i":{"x":[0,0,0],"y":[1,1,1]},"o":{"x":[0.167,0.167,0.167],"y":[0,0,0]},"n":["0_1_0p167_0","0_1_0p167_0","0_1_0p167_0"],"t":1,"s":[100,100,100],"e":[100,100,100]},{"i":{"x":[0.833,0.833,0.833],"y":[0.967,0.967,1]},"o":{"x":[0.643,0.643,0.643],"y":[0,0,0]},"n":["0p833_0p967_0p643_0","0p833_0p967_0p643_0","0p833_1_0p643_0"],"t":5,"s":[100,100,100],"e":[61.044,61.044,100]},{"i":{"x":[0.833,0.833,0.833],"y":[0.833,0.833,0.833]},"o":{"x":[0.167,0.167,0.167],"y":[0.167,0.167,0.167]},"n":["0p833_0p833_0p167_0p167","0p833_0p833_0p167_0p167","0p833_0p833_0p167_0p167"],"t":10,"s":[61.044,61.044,100],"e":[0,0,100]},{"t":11}]}},"ao":0,"shapes":[{"ty":"gr","it":[{"ind":0,"ty":"sh","ix":1,"ks":{"a":1,"k":[{"i":{"x":0,"y":1},"o":{"x":0.167,"y":0},"n":"0_1_0p167_0","t":1,"s":[{"i":[[0,0],[0,0],[0,0],[0,0],[0,0],[0,0],[0,0]],"o":[[0,0],[0,0],[0,0],[0,0],[0,0],[0,0],[0,0]],"v":[[5.396,3.771],[5.396,-7.15],[-5.656,-7.15],[-5.656,3.641],[-17.616,3.641],[0.066,24.18],[17.617,3.771]],"c":true}],"e":[{"i":[[0,0],[0,0],[0,0],[0,0],[0,0],[0,0],[0,0]],"o":[[0,0],[0,0],[0,0],[0,0],[0,0],[0,0],[0,0]],"v":[[5.396,3.771],[5.396,-7.15],[-5.656,-7.15],[-5.656,3.641],[-17.616,3.641],[0.066,24.18],[17.617,3.771]],"c":true}]},{"t":5}]},"nm":"Path 1","mn":"ADBE Vector Shape - Group"},{"ty":"fl","c":{"a":0,"k":[0,0,0,1]},"o":{"a":0,"k":100},"r":1,"nm":"Fill 1","mn":"ADBE Vector Graphic - Fill"},{"ty":"tr","p":{"a":0,"k":[75.002,73.406],"ix":2},"a":{"a":0,"k":[0,0],"ix":1},"s":{"a":0,"k":[100,100],"ix":3},"r":{"a":0,"k":0,"ix":6},"o":{"a":0,"k":100,"ix":7},"sk":{"a":0,"k":0,"ix":4},"sa":{"a":0,"k":0,"ix":5},"nm":"Transform"}],"nm":"Group 1","np":2,"cix":2,"ix":1,"mn":"ADBE Vector Group"}],"ip":0,"op":11,"st":-69,"bm":0,"sr":1},{"ddd":0,"ind":6,"ty":4,"nm":"Page","ks":{"o":{"a":0,"k":100},"r":{"a":0,"k":0},"p":{"a":0,"k":[75,75,0]},"a":{"a":0,"k":[75,75,0]},"s":{"a":0,"k":[100,100,100]}},"ao":0,"shapes":[{"ty":"gr","it":[{"ind":0,"ty":"sh","ix":1,"ks":{"a":1,"k":[{"i":{"x":0,"y":1},"o":{"x":0.167,"y":0},"n":"0_1_0p167_0","t":1,"s":[{"i":[[0,0],[0,0],[0,0],[2.6,0],[0,0],[0,0],[4.29,0],[0,0]],"o":[[0,0],[0,0],[0,-3.12],[0,0],[0,0],[0,-3.12],[0,0],[0,0]],"v":[[-23.076,30.161],[23.077,30.161],[23.077,-11.051],[19.046,-14.561],[10.206,-14.561],[10.206,-24.18],[2.926,-30.161],[-23.076,-30.161]],"c":true}],"e":[{"i":[[0,0],[0,0],[0,0],[2.6,0],[0,0],[0,0],[4.29,0],[0,0]],"o":[[0,0],[0,0],[0,-3.12],[0,0],[0,0],[0,-3.12],[0,0],[0,0]],"v":[[-23.076,34.661],[23.077,34.661],[23.077,-11.051],[19.046,-14.561],[10.206,-14.561],[10.206,-24.18],[2.926,-30.161],[-23.076,-30.161]],"c":true}]},{"i":{"x":0.833,"y":0.833},"o":{"x":1,"y":0},"n":"0p833_0p833_1_0","t":5,"s":[{"i":[[0,0],[0,0],[0,0],[2.6,0],[0,0],[0,0],[4.29,0],[0,0]],"o":[[0,0],[0,0],[0,-3.12],[0,0],[0,0],[0,-3.12],[0,0],[0,0]],"v":[[-23.076,34.661],[23.077,34.661],[23.077,-11.051],[19.046,-14.561],[10.206,-14.561],[10.206,-24.18],[2.926,-30.161],[-23.076,-30.161]],"c":true}],"e":[{"i":[[0,0],[0,0],[0,0],[2.6,0],[0,0],[0,0],[4.29,0],[0,0]],"o":[[0,0],[0,0],[0,-3.12],[0,0],[0,0],[0,-3.12],[0,0],[0,0]],"v":[[-23.213,-10.905],[22.939,-10.905],[23.077,-11.051],[19.046,-14.561],[10.206,-14.561],[10.206,-24.18],[2.925,-30.161],[-23.076,-30.161]],"c":true}]},{"t":11}]},"nm":"Path 2","mn":"ADBE Vector Shape - Group"},{"ind":1,"ty":"sh","ix":2,"ks":{"a":1,"k":[{"i":{"x":0,"y":1},"o":{"x":0.167,"y":0},"n":"0_1_0p167_0","t":1,"s":[{"i":[[0,0],[0,0],[0,0],[0,0],[0,0]],"o":[[0,0],[0,0],[0,0],[0,0],[0,0]],"v":[[11.115,-39.521],[32.437,-17.68],[32.437,39.521],[-32.437,39.521],[-32.437,-39.521]],"c":true}],"e":[{"i":[[0,0],[0,0],[0,0],[0,0],[0,0]],"o":[[0,0],[0,0],[0,0],[0,0],[0,0]],"v":[[11.115,-39.521],[32.437,-17.68],[32.437,44.021],[-32.437,44.021],[-32.437,-39.521]],"c":true}]},{"i":{"x":0.833,"y":0.833},"o":{"x":1,"y":0},"n":"0p833_0p833_1_0","t":5,"s":[{"i":[[0,0],[0,0],[0,0],[0,0],[0,0]],"o":[[0,0],[0,0],[0,0],[0,0],[0,0]],"v":[[11.115,-39.521],[32.437,-17.68],[32.437,44.021],[-32.437,44.021],[-32.437,-39.521]],"c":true}],"e":[{"i":[[0,0],[0,0],[0,0],[0,0],[0,0]],"o":[[0,0],[0,0],[0,0],[0,0],[0,0]],"v":[[11.115,-39.521],[32.437,-17.68],[32.299,-1.545],[-32.574,-1.545],[-32.437,-39.521]],"c":true}]},{"t":11}]},"nm":"Path 3","mn":"ADBE Vector Shape - Group"},{"ty":"fl","c":{"a":0,"k":[0,0,0,1]},"o":{"a":0,"k":100},"r":1,"nm":"Fill 1","mn":"ADBE Vector Graphic - Fill"},{"ty":"tr","p":{"a":0,"k":[75.002,73.406],"ix":2},"a":{"a":0,"k":[0,0],"ix":1},"s":{"a":0,"k":[100,100],"ix":3},"r":{"a":0,"k":0,"ix":6},"o":{"a":0,"k":100,"ix":7},"sk":{"a":0,"k":0,"ix":4},"sa":{"a":0,"k":0,"ix":5},"nm":"Transform"}],"nm":"Group 1","np":3,"cix":2,"ix":1,"mn":"ADBE Vector Group"}],"ip":0,"op":11,"st":-69,"bm":0,"sr":1}]}