{"v":"4.7.1","fr":60,"ip":0,"op":32,"w":150,"h":150,"nm":"Eye_AnimOff","ddd":0,"assets":[],"layers":[{"ddd":0,"ind":1,"ty":4,"nm":"Matte","td":1,"ks":{"o":{"a":0,"k":100},"r":{"a":0,"k":0},"p":{"a":0,"k":[75,75,0]},"a":{"a":0,"k":[75,75,0]},"s":{"a":0,"k":[100,100,100]}},"ao":0,"shapes":[{"ty":"gr","it":[{"ind":2,"ty":"sh","ix":3,"ks":{"a":1,"k":[{"i":{"x":0.667,"y":1},"o":{"x":1,"y":0},"n":"0p667_1_1_0","t":9,"s":[{"i":[[0,0],[30.292,0],[0,0],[-30.291,0]],"o":[[0,0],[-30.291,0],[0,0],[30.292,0]],"v":[[50.702,0.064],[-0.001,35.296],[-50.702,0.064],[-0.001,-35.297]],"c":true}],"e":[{"i":[[0,0],[30.292,0],[0,0],[-30.291,0]],"o":[[0,0],[-30.291,0],[0,0],[30.292,0]],"v":[[50.702,0.064],[-0.001,20.852],[-50.702,0.064],[-0.001,20.009]],"c":true}]},{"t":26}]},"nm":"Path 3","mn":"ADBE Vector Shape - Group"},{"ty":"fl","c":{"a":0,"k":[0,0,0,1]},"o":{"a":0,"k":100},"r":1,"nm":"Fill 1","mn":"ADBE Vector Graphic - Fill"},{"ty":"tr","p":{"a":0,"k":[75.003,76.069],"ix":2},"a":{"a":0,"k":[0,0],"ix":1},"s":{"a":0,"k":[100,100],"ix":3},"r":{"a":0,"k":0,"ix":6},"o":{"a":0,"k":100,"ix":7},"sk":{"a":0,"k":0,"ix":4},"sa":{"a":0,"k":0,"ix":5},"nm":"Transform"}],"nm":"Group 1","np":4,"cix":2,"ix":1,"mn":"ADBE Vector Group"}],"ip":0,"op":27,"st":-165,"bm":0,"sr":1},{"ddd":0,"ind":2,"ty":4,"nm":"Eye","tt":1,"ks":{"o":{"a":0,"k":100},"r":{"a":0,"k":0},"p":{"a":0,"k":[75,75,0]},"a":{"a":0,"k":[75,75,0]},"s":{"a":0,"k":[100,100,100]}},"ao":0,"shapes":[{"ty":"gr","it":[{"ind":2,"ty":"sh","ix":3,"ks":{"a":1,"k":[{"i":{"x":0.667,"y":1},"o":{"x":1,"y":0},"n":"0p667_1_1_0","t":9,"s":[{"i":[[0,0],[30.292,0],[0,0],[-30.291,0]],"o":[[0,0],[-30.291,0],[0,0],[30.292,0]],"v":[[50.702,0.064],[-0.001,35.296],[-50.702,0.064],[-0.001,-35.297]],"c":true}],"e":[{"i":[[0,0],[30.292,0],[0,0],[-30.291,0]],"o":[[0,0],[-30.291,0],[0,0],[30.292,0]],"v":[[50.702,0.064],[-0.001,20.852],[-50.702,0.064],[-0.001,20.009]],"c":true}]},{"t":26}]},"nm":"Path 3","mn":"ADBE Vector Shape - Group"},{"ty":"tr","p":{"a":0,"k":[75.003,76.069],"ix":2},"a":{"a":0,"k":[0,0],"ix":1},"s":{"a":0,"k":[100,100],"ix":3},"r":{"a":0,"k":0,"ix":6},"o":{"a":0,"k":100,"ix":7},"sk":{"a":0,"k":0,"ix":4},"sa":{"a":0,"k":0,"ix":5},"nm":"Transform"}],"nm":"Group 1","np":4,"cix":2,"ix":1,"mn":"ADBE Vector Group"},{"ty":"st","c":{"a":0,"k":[0,0,0,1]},"o":{"a":0,"k":100},"w":{"a":0,"k":5},"lc":1,"lj":1,"ml":4,"nm":"Stroke 1","mn":"ADBE Vector Graphic - Stroke"}],"ip":0,"op":27,"st":-165,"bm":0,"sr":1},{"ddd":0,"ind":3,"ty":4,"nm":"Matte","td":1,"ks":{"o":{"a":0,"k":100},"r":{"a":0,"k":0},"p":{"a":0,"k":[75,75,0]},"a":{"a":0,"k":[75,75,0]},"s":{"a":0,"k":[100,100,100]}},"ao":0,"shapes":[{"ty":"gr","it":[{"ind":2,"ty":"sh","ix":3,"ks":{"a":1,"k":[{"i":{"x":0.667,"y":1},"o":{"x":1,"y":0},"n":"0p667_1_1_0","t":9,"s":[{"i":[[0,0],[30.292,0],[0,0],[-30.291,0]],"o":[[0,0],[-30.291,0],[0,0],[30.292,0]],"v":[[50.702,0.064],[-0.001,35.296],[-50.702,0.064],[-0.001,-35.297]],"c":true}],"e":[{"i":[[0,0],[30.292,0],[0,0],[-30.291,0]],"o":[[0,0],[-30.291,0],[0,0],[30.292,0]],"v":[[50.702,0.064],[-0.001,20.852],[-50.702,0.064],[-0.001,20.009]],"c":true}]},{"t":26}]},"nm":"Path 3","mn":"ADBE Vector Shape - Group"},{"ty":"fl","c":{"a":0,"k":[0,0,0,1]},"o":{"a":0,"k":100},"r":1,"nm":"Fill 1","mn":"ADBE Vector Graphic - Fill"},{"ty":"tr","p":{"a":0,"k":[75.003,76.069],"ix":2},"a":{"a":0,"k":[0,0],"ix":1},"s":{"a":0,"k":[100,100],"ix":3},"r":{"a":0,"k":0,"ix":6},"o":{"a":0,"k":100,"ix":7},"sk":{"a":0,"k":0,"ix":4},"sa":{"a":0,"k":0,"ix":5},"nm":"Transform"}],"nm":"Group 1","np":5,"cix":2,"ix":1,"mn":"ADBE Vector Group"}],"ip":0,"op":27,"st":-165,"bm":0,"sr":1},{"ddd":0,"ind":4,"ty":4,"nm":"Eye","tt":1,"ks":{"o":{"a":0,"k":100},"r":{"a":0,"k":0},"p":{"a":0,"k":[75,75,0]},"a":{"a":0,"k":[75,75,0]},"s":{"a":0,"k":[100,100,100]}},"ao":0,"shapes":[{"ty":"gr","it":[{"ind":2,"ty":"sh","ix":3,"ks":{"a":1,"k":[{"i":{"x":0.667,"y":1},"o":{"x":1,"y":0},"n":"0p667_1_1_0","t":9,"s":[{"i":[[0,0],[30.292,0],[0,0],[-30.291,0]],"o":[[0,0],[-30.291,0],[0,0],[30.292,0]],"v":[[50.702,0.064],[-0.001,35.296],[-50.702,0.064],[-0.001,-35.297]],"c":true}],"e":[{"i":[[0,0],[30.292,0],[0,0],[-30.291,0]],"o":[[0,0],[-30.291,0],[0,0],[30.292,0]],"v":[[50.702,0.064],[-0.001,20.852],[-50.702,0.064],[-0.001,20.009]],"c":true}]},{"t":26}]},"nm":"Path 3","mn":"ADBE Vector Shape - Group"},{"ind":3,"ty":"sh","ix":4,"ks":{"a":0,"k":{"i":[[0,13.652],[13.651,0],[0,-13.65],[-13.65,0]],"o":[[0,-13.65],[-13.65,0],[0,13.652],[13.651,0]],"v":[[24.832,0.064],[-0.001,-24.766],[-24.831,0.064],[-0.001,24.896]],"c":true}},"nm":"Path 4","mn":"ADBE Vector Shape - Group"},{"ty":"fl","c":{"a":0,"k":[0,0,0,1]},"o":{"a":0,"k":100},"r":1,"nm":"Fill 1","mn":"ADBE Vector Graphic - Fill"},{"ty":"tr","p":{"a":0,"k":[75.003,76.069],"ix":2},"a":{"a":0,"k":[0,0],"ix":1},"s":{"a":0,"k":[100,100],"ix":3},"r":{"a":0,"k":0,"ix":6},"o":{"a":0,"k":100,"ix":7},"sk":{"a":0,"k":0,"ix":4},"sa":{"a":0,"k":0,"ix":5},"nm":"Transform"}],"nm":"Group 1","np":5,"cix":2,"ix":1,"mn":"ADBE Vector Group"},{"ty":"gr","it":[{"ind":0,"ty":"sh","ix":1,"ks":{"a":0,"k":{"i":[[5.981,0],[0,-5.98],[-6.11,0],[0,6.111]],"o":[[-6.11,0],[0,6.111],[5.981,0],[0,-5.98]],"v":[[-0.001,-11.116],[-11.051,0.064],[-0.001,11.116],[11.181,0.064]],"c":true}},"nm":"Path 1","mn":"ADBE Vector Shape - Group"},{"ty":"fl","c":{"a":0,"k":[0,0,0,1]},"o":{"a":0,"k":100},"r":1,"nm":"Fill 1","mn":"ADBE Vector Graphic - Fill"},{"ty":"tr","p":{"a":0,"k":[75.003,76.069],"ix":2},"a":{"a":0,"k":[0,0],"ix":1},"s":{"a":0,"k":[100,100],"ix":3},"r":{"a":0,"k":0,"ix":6},"o":{"a":0,"k":100,"ix":7},"sk":{"a":0,"k":0,"ix":4},"sa":{"a":0,"k":0,"ix":5},"nm":"Transform"}],"nm":"Group 2","np":4,"cix":2,"ix":2,"mn":"ADBE Vector Group"}],"ip":0,"op":27,"st":-165,"bm":0,"sr":1}]}