{"v":"4.7.1","fr":60,"ip":0,"op":107,"w":150,"h":150,"nm":"Globe_AnimOn","ddd":0,"assets":[],"layers":[{"ddd":0,"ind":1,"ty":1,"nm":"Controller","ks":{"o":{"a":0,"k":0},"r":{"a":0,"k":0},"p":{"a":0,"k":[75,75,0]},"a":{"a":0,"k":[60,60,0]},"s":{"a":1,"k":[{"i":{"x":[0,0,0],"y":[1,1,1]},"o":{"x":[0.167,0.167,0.167],"y":[0.033,0.033,0]},"n":["0_1_0p167_0p033","0_1_0p167_0p033","0_1_0p167_0"],"t":11,"s":[0,0,100],"e":[15,15,100]},{"t":64}]}},"ao":0,"sw":120,"sh":120,"sc":"#ffffff","ip":0,"op":107,"st":-76,"bm":0,"sr":1},{"ddd":0,"ind":2,"ty":4,"nm":"HorzLine","parent":1,"ks":{"o":{"a":0,"k":100},"r":{"a":0,"k":0},"p":{"a":0,"k":[60,60,0]},"a":{"a":0,"k":[0,0,0]},"s":{"a":0,"k":[100,100,100]}},"ao":0,"shapes":[{"ty":"gr","it":[{"ind":0,"ty":"sh","ix":1,"ks":{"a":0,"k":{"i":[[0,0],[-129,0],[0,0]],"o":[[0,0],[129,0],[0,0]],"v":[[-243,-103],[2,-62],[239,-102]],"c":false}},"nm":"Path 1","mn":"ADBE Vector Shape - Group"},{"ty":"st","c":{"a":0,"k":[0,0,0,1]},"o":{"a":0,"k":100},"w":{"a":0,"k":36},"lc":1,"lj":1,"ml":4,"nm":"Stroke 2","mn":"ADBE Vector Graphic - Stroke"},{"ty":"tr","p":{"a":0,"k":[0,0],"ix":2},"a":{"a":0,"k":[0,0],"ix":1},"s":{"a":0,"k":[100,100],"ix":3},"r":{"a":0,"k":0,"ix":6},"o":{"a":0,"k":100,"ix":7},"sk":{"a":0,"k":0,"ix":4},"sa":{"a":0,"k":0,"ix":5},"nm":"Transform"}],"nm":"Shape 1","np":3,"cix":2,"ix":1,"mn":"ADBE Vector Group"}],"ip":0,"op":107,"st":-130,"bm":0,"sr":1},{"ddd":0,"ind":3,"ty":4,"nm":"HorzLine","parent":1,"ks":{"o":{"a":0,"k":100},"r":{"a":0,"k":0},"p":{"a":0,"k":[60,60,0]},"a":{"a":0,"k":[0,0,0]},"s":{"a":0,"k":[100,100,100]}},"ao":0,"shapes":[{"ty":"gr","it":[{"ind":0,"ty":"sh","ix":1,"ks":{"a":0,"k":{"i":[[-23.674,-31.25],[-129,0],[-36,34]],"o":[[25,33],[129,0],[31.464,-29.716]],"v":[[-252,22],[2,90],[245,25]],"c":false}},"nm":"Path 1","mn":"ADBE Vector Shape - Group"},{"ty":"st","c":{"a":0,"k":[0,0,0,1]},"o":{"a":0,"k":100},"w":{"a":0,"k":36},"lc":1,"lj":1,"ml":4,"nm":"Stroke 2","mn":"ADBE Vector Graphic - Stroke"},{"ty":"tr","p":{"a":0,"k":[0,0],"ix":2},"a":{"a":0,"k":[0,0],"ix":1},"s":{"a":0,"k":[100,100],"ix":3},"r":{"a":0,"k":0,"ix":6},"o":{"a":0,"k":100,"ix":7},"sk":{"a":0,"k":0,"ix":4},"sa":{"a":0,"k":0,"ix":5},"nm":"Transform"}],"nm":"Shape 1","np":3,"cix":2,"ix":1,"mn":"ADBE Vector Group"}],"ip":0,"op":107,"st":-130,"bm":0,"sr":1},{"ddd":0,"ind":4,"ty":4,"nm":"Globe","parent":1,"ks":{"o":{"a":0,"k":100},"r":{"a":0,"k":0},"p":{"a":0,"k":[60,52,0]},"a":{"a":0,"k":[0,0,0]},"s":{"a":0,"k":[100,100,100]}},"ao":0,"shapes":[{"ty":"gr","it":[{"d":1,"ty":"el","s":{"a":0,"k":[509.582,509.582]},"p":{"a":0,"k":[0,0]},"nm":"Ellipse Path 1","mn":"ADBE Vector Shape - Ellipse"},{"ty":"st","c":{"a":0,"k":[0,0,0,1]},"o":{"a":0,"k":100},"w":{"a":0,"k":52.1},"lc":1,"lj":1,"ml":4,"nm":"Stroke 2","mn":"ADBE Vector Graphic - Stroke"},{"ty":"tr","p":{"a":0,"k":[0,-1.779],"ix":2},"a":{"a":0,"k":[0,0],"ix":1},"s":{"a":0,"k":[100,100],"ix":3},"r":{"a":0,"k":0,"ix":6},"o":{"a":0,"k":100,"ix":7},"sk":{"a":0,"k":0,"ix":4},"sa":{"a":0,"k":0,"ix":5},"nm":"Transform"}],"nm":"Ellipse 1","np":3,"cix":2,"ix":1,"mn":"ADBE Vector Group"}],"ip":0,"op":107,"st":-130,"bm":0,"sr":1},{"ddd":0,"ind":5,"ty":4,"nm":"VertLine","parent":1,"ks":{"o":{"a":0,"k":100},"r":{"a":0,"k":0},"p":{"a":1,"k":[{"i":{"x":0,"y":1},"o":{"x":0.167,"y":0.167},"n":"0_1_0p167_0p167","t":46,"s":[305,50,0],"e":[191,50,0],"to":[0,0,0],"ti":[0,0,0]},{"t":96}]},"a":{"a":0,"k":[245,-10,0]},"s":{"a":0,"k":[100,100,100]}},"ao":0,"shapes":[{"ty":"gr","it":[{"ind":0,"ty":"sh","ix":1,"ks":{"a":1,"k":[{"i":{"x":0,"y":1},"o":{"x":0.167,"y":0.167},"n":"0_1_0p167_0p167","t":46,"s":[{"i":[[-16.448,0],[0,-187.963],[36.396,0]],"o":[[12.12,0],[0,176.037],[-9.486,0]],"v":[[34.896,-257],[245,-11.037],[29.434,237]],"c":false}],"e":[{"i":[[-12.915,-1],[0,-230.481],[21.957,0]],"o":[[12.915,1],[0,166.519],[-16.043,0]],"v":[[130.002,-255.556],[244.917,6.925],[135.959,233.444]],"c":false}]},{"t":96}]},"nm":"Path 1","mn":"ADBE Vector Shape - Group"},{"ty":"tr","p":{"a":0,"k":[0,0],"ix":2},"a":{"a":0,"k":[0,0],"ix":1},"s":{"a":0,"k":[100,100],"ix":3},"r":{"a":0,"k":0,"ix":6},"o":{"a":0,"k":100,"ix":7},"sk":{"a":0,"k":0,"ix":4},"sa":{"a":0,"k":0,"ix":5},"nm":"Transform"}],"nm":"Shape 1","np":2,"cix":2,"ix":1,"mn":"ADBE Vector Group"},{"ty":"st","c":{"a":0,"k":[0,0,0,1]},"o":{"a":0,"k":100},"w":{"a":0,"k":29.6},"lc":1,"lj":1,"ml":4,"nm":"Stroke 1","mn":"ADBE Vector Graphic - Stroke"}],"ip":46,"op":107,"st":-46,"bm":0,"sr":1},{"ddd":0,"ind":6,"ty":4,"nm":"VertLine","parent":1,"ks":{"o":{"a":0,"k":100},"r":{"a":0,"k":0},"p":{"a":1,"k":[{"i":{"x":0.833,"y":0.833},"o":{"x":0.167,"y":0.167},"n":"0p833_0p833_0p167_0p167","t":36,"s":[305,50,0],"e":[191,50,0],"to":[0,0,0],"ti":[0,0,0]},{"i":{"x":0,"y":1},"o":{"x":0.167,"y":0.167},"n":"0_1_0p167_0p167","t":50,"s":[191,50,0],"e":[59.842,50,0],"to":[0,0,0],"ti":[0,0,0]},{"t":96}]},"a":{"a":0,"k":[245,-10,0]},"s":{"a":0,"k":[100,100,100]}},"ao":0,"shapes":[{"ty":"gr","it":[{"ind":0,"ty":"sh","ix":1,"ks":{"a":1,"k":[{"i":{"x":0.833,"y":0.833},"o":{"x":0.167,"y":0.167},"n":"0p833_0p833_0p167_0p167","t":36,"s":[{"i":[[-16.448,0],[0,-187.963],[36.396,0]],"o":[[12.12,0],[0,176.037],[-9.486,0]],"v":[[34.896,-257],[245,-11.037],[29.434,237]],"c":false}],"e":[{"i":[[-12.915,-1],[0,-230.481],[21.957,0]],"o":[[12.915,1],[0,166.519],[-16.043,0]],"v":[[130.002,-255.556],[244.917,6.925],[135.959,233.444]],"c":false}]},{"i":{"x":0,"y":1},"o":{"x":0.167,"y":0.167},"n":"0_1_0p167_0p167","t":50,"s":[{"i":[[-12.915,-1],[0,-230.481],[21.957,0]],"o":[[12.915,1],[0,166.519],[-16.043,0]],"v":[[130.002,-255.556],[244.917,6.925],[135.959,233.444]],"c":false}],"e":[{"i":[[0,-53.794],[-0.048,-90.249],[0,-32.392]],"o":[[0,53.794],[0.044,82.997],[0,32.392]],"v":[[244.423,-263.794],[244.926,6.952],[244.697,255.941]],"c":false}]},{"t":96}]},"nm":"Path 1","mn":"ADBE Vector Shape - Group"},{"ty":"tr","p":{"a":0,"k":[0,0],"ix":2},"a":{"a":0,"k":[0,0],"ix":1},"s":{"a":0,"k":[100,100],"ix":3},"r":{"a":0,"k":0,"ix":6},"o":{"a":0,"k":100,"ix":7},"sk":{"a":0,"k":0,"ix":4},"sa":{"a":0,"k":0,"ix":5},"nm":"Transform"}],"nm":"Shape 1","np":2,"cix":2,"ix":1,"mn":"ADBE Vector Group"},{"ty":"st","c":{"a":0,"k":[0,0,0,1]},"o":{"a":0,"k":100},"w":{"a":0,"k":29.6},"lc":1,"lj":1,"ml":4,"nm":"Stroke 1","mn":"ADBE Vector Graphic - Stroke"}],"ip":36,"op":107,"st":-58,"bm":0,"sr":1},{"ddd":0,"ind":7,"ty":4,"nm":"VertLine","parent":1,"ks":{"o":{"a":0,"k":100},"r":{"a":0,"k":0},"p":{"a":1,"k":[{"i":{"x":0.833,"y":0.833},"o":{"x":0.167,"y":0.167},"n":"0p833_0p833_0p167_0p167","t":27,"s":[305,50,0],"e":[191,50,0],"to":[0,0,0],"ti":[0,0,0]},{"i":{"x":0.833,"y":0.833},"o":{"x":0.167,"y":0.167},"n":"0p833_0p833_0p167_0p167","t":37.693,"s":[191,50,0],"e":[59.842,50,0],"to":[0,0,0],"ti":[0,0,0]},{"i":{"x":0,"y":1},"o":{"x":0.167,"y":0.167},"n":"0_1_0p167_0p167","t":50,"s":[59.842,50,0],"e":[-67.999,50,0],"to":[0,0,0],"ti":[0,0,0]},{"t":96}]},"a":{"a":0,"k":[245,-10,0]},"s":{"a":0,"k":[100,100,100]}},"ao":0,"shapes":[{"ty":"gr","it":[{"ind":0,"ty":"sh","ix":1,"ks":{"a":1,"k":[{"i":{"x":0.833,"y":0.833},"o":{"x":0.167,"y":0.167},"n":"0p833_0p833_0p167_0p167","t":27,"s":[{"i":[[-16.448,0],[0,-187.963],[36.396,0]],"o":[[12.12,0],[0,176.037],[-9.486,0]],"v":[[34.896,-257],[245,-11.037],[29.434,237]],"c":false}],"e":[{"i":[[-12.915,-1],[0,-230.481],[21.957,0]],"o":[[12.915,1],[0,166.519],[-16.043,0]],"v":[[130.002,-255.556],[244.917,6.925],[135.959,233.444]],"c":false}]},{"i":{"x":0.833,"y":0.833},"o":{"x":0.167,"y":0.167},"n":"0p833_0p833_0p167_0p167","t":37.895,"s":[{"i":[[-12.915,-1],[0,-230.481],[21.957,0]],"o":[[12.915,1],[0,166.519],[-16.043,0]],"v":[[130.002,-255.556],[244.917,6.925],[135.959,233.444]],"c":false}],"e":[{"i":[[0,-38.868],[0,-61.655],[0,-37.591]],"o":[[0,38.868],[0,61.655],[0,37.591]],"v":[[244.423,-263.794],[244.926,6.952],[244.697,255.941]],"c":false}]},{"i":{"x":0,"y":1},"o":{"x":0.167,"y":0.167},"n":"0_1_0p167_0p167","t":50,"s":[{"i":[[0,-38.868],[0,-61.655],[0,-37.591]],"o":[[0,38.868],[0,61.655],[0,37.591]],"v":[[244.423,-263.794],[244.926,6.952],[244.697,255.941]],"c":false}],"e":[{"i":[[12.242,-1],[0,-230.481],[-29.281,0]],"o":[[-12.242,1],[0,160.519],[15.207,0]],"v":[[357.866,-255.494],[244.938,6.988],[355.219,233.506]],"c":false}]},{"t":96}]},"nm":"Path 1","mn":"ADBE Vector Shape - Group"},{"ty":"tr","p":{"a":0,"k":[0,0],"ix":2},"a":{"a":0,"k":[0,0],"ix":1},"s":{"a":0,"k":[100,100],"ix":3},"r":{"a":0,"k":0,"ix":6},"o":{"a":0,"k":100,"ix":7},"sk":{"a":0,"k":0,"ix":4},"sa":{"a":0,"k":0,"ix":5},"nm":"Transform"}],"nm":"Shape 1","np":2,"cix":2,"ix":1,"mn":"ADBE Vector Group"},{"ty":"st","c":{"a":0,"k":[0,0,0,1]},"o":{"a":0,"k":100},"w":{"a":0,"k":29.6},"lc":1,"lj":1,"ml":4,"nm":"Stroke 1","mn":"ADBE Vector Graphic - Stroke"}],"ip":27,"op":107,"st":-67,"bm":0,"sr":1},{"ddd":0,"ind":8,"ty":4,"nm":"VertLine","parent":1,"ks":{"o":{"a":0,"k":100},"r":{"a":0,"k":0},"p":{"a":1,"k":[{"i":{"x":0.833,"y":0.833},"o":{"x":0.167,"y":0.167},"n":"0p833_0p833_0p167_0p167","t":18,"s":[305,50,0],"e":[191,50,0],"to":[0,0,0],"ti":[0,0,0]},{"i":{"x":0.833,"y":0.833},"o":{"x":0.167,"y":0.167},"n":"0p833_0p833_0p167_0p167","t":27.473,"s":[191,50,0],"e":[59.842,50,0],"to":[0,0,0],"ti":[0,0,0]},{"i":{"x":0.833,"y":0.833},"o":{"x":0.167,"y":0.167},"n":"0p833_0p833_0p167_0p167","t":38.375,"s":[59.842,50,0],"e":[-67.999,50,0],"to":[0,0,0],"ti":[0,0,0]},{"i":{"x":0,"y":1},"o":{"x":0.167,"y":0.167},"n":"0_1_0p167_0p167","t":49,"s":[-67.999,50,0],"e":[-185,50,0],"to":[0,0,0],"ti":[0,0,0]},{"t":96}]},"a":{"a":0,"k":[245,-10,0]},"s":{"a":0,"k":[100,100,100]}},"ao":0,"shapes":[{"ty":"gr","it":[{"ind":0,"ty":"sh","ix":1,"ks":{"a":1,"k":[{"i":{"x":0.833,"y":0.833},"o":{"x":0.167,"y":0.167},"n":"0p833_0p833_0p167_0p167","t":18,"s":[{"i":[[-16.448,0],[0,-187.963],[36.396,0]],"o":[[12.12,0],[0,176.037],[-9.486,0]],"v":[[34.896,-257],[245,-11.037],[29.434,237]],"c":false}],"e":[{"i":[[-12.915,-1],[0,-230.481],[21.957,0]],"o":[[12.915,1],[0,166.519],[-16.043,0]],"v":[[130.002,-255.556],[244.917,6.925],[135.959,233.444]],"c":false}]},{"i":{"x":0.833,"y":0.833},"o":{"x":0.167,"y":0.167},"n":"0p833_0p833_0p167_0p167","t":27.965,"s":[{"i":[[-12.915,-1],[0,-230.481],[21.957,0]],"o":[[12.915,1],[0,166.519],[-16.043,0]],"v":[[130.002,-255.556],[244.917,6.925],[135.959,233.444]],"c":false}],"e":[{"i":[[0,-56.733],[-0.048,-90.249],[0,-51.851]],"o":[[0,56.733],[0.044,82.996],[0,51.851]],"v":[[244.423,-263.794],[244.926,6.952],[244.697,255.942]],"c":false}]},{"i":{"x":0.833,"y":0.833},"o":{"x":0.167,"y":0.167},"n":"0p833_0p833_0p167_0p167","t":39.035,"s":[{"i":[[0,-56.733],[-0.048,-90.249],[0,-51.851]],"o":[[0,56.733],[0.044,82.996],[0,51.851]],"v":[[244.423,-263.794],[244.926,6.952],[244.697,255.942]],"c":false}],"e":[{"i":[[12.242,-1],[0,-230.481],[-29.281,0]],"o":[[-12.242,1],[0,160.519],[15.207,0]],"v":[[357.866,-255.494],[244.938,6.988],[355.219,233.506]],"c":false}]},{"i":{"x":0,"y":1},"o":{"x":0.167,"y":0.167},"n":"0_1_0p167_0p167","t":49,"s":[{"i":[[12.242,-1],[0,-230.481],[-29.281,0]],"o":[[-12.242,1],[0,160.519],[15.207,0]],"v":[[357.866,-255.494],[244.938,6.988],[355.219,233.506]],"c":false}],"e":[{"i":[[19,0],[0,-221.963],[-42.043,0]],"o":[[-14,0],[0,208.037],[10.957,0]],"v":[[488.273,-262.021],[245.053,-10.059],[494.315,241.979]],"c":false}]},{"t":96}]},"nm":"Path 1","mn":"ADBE Vector Shape - Group"},{"ty":"tr","p":{"a":0,"k":[0,0],"ix":2},"a":{"a":0,"k":[0,0],"ix":1},"s":{"a":0,"k":[100,100],"ix":3},"r":{"a":0,"k":0,"ix":6},"o":{"a":0,"k":100,"ix":7},"sk":{"a":0,"k":0,"ix":4},"sa":{"a":0,"k":0,"ix":5},"nm":"Transform"}],"nm":"Shape 1","np":2,"cix":2,"ix":1,"mn":"ADBE Vector Group"},{"ty":"st","c":{"a":0,"k":[0,0,0,1]},"o":{"a":0,"k":100},"w":{"a":0,"k":29.6},"lc":1,"lj":1,"ml":4,"nm":"Stroke 1","mn":"ADBE Vector Graphic - Stroke"}],"ip":18,"op":107,"st":-76,"bm":0,"sr":1},{"ddd":0,"ind":9,"ty":4,"nm":"VertLine","parent":1,"ks":{"o":{"a":0,"k":100},"r":{"a":0,"k":0},"p":{"a":1,"k":[{"i":{"x":0.833,"y":0.833},"o":{"x":0.167,"y":0.167},"n":"0p833_0p833_0p167_0p167","t":10,"s":[305,50,0],"e":[191,50,0],"to":[0,0,0],"ti":[0,0,0]},{"i":{"x":0.833,"y":0.833},"o":{"x":0.167,"y":0.167},"n":"0p833_0p833_0p167_0p167","t":19.072,"s":[191,50,0],"e":[59.842,50,0],"to":[0,0,0],"ti":[0,0,0]},{"i":{"x":0.833,"y":0.833},"o":{"x":0.167,"y":0.167},"n":"0p833_0p833_0p167_0p167","t":29.512,"s":[59.842,50,0],"e":[-67.999,50,0],"to":[0,0,0],"ti":[0,0,0]},{"i":{"x":0.833,"y":0.833},"o":{"x":0.167,"y":0.167},"n":"0p833_0p833_0p167_0p167","t":39.688,"s":[-67.999,50,0],"e":[-185,50,0],"to":[0,0,0],"ti":[0,0,0]},{"t":49}]},"a":{"a":0,"k":[245,-10,0]},"s":{"a":0,"k":[100,100,100]}},"ao":0,"shapes":[{"ty":"gr","it":[{"ind":0,"ty":"sh","ix":1,"ks":{"a":1,"k":[{"i":{"x":0.833,"y":0.833},"o":{"x":0.167,"y":0.167},"n":"0p833_0p833_0p167_0p167","t":10,"s":[{"i":[[-16.448,0],[0,-187.963],[36.396,0]],"o":[[12.12,0],[0,176.037],[-9.486,0]],"v":[[34.896,-257],[245,-11.037],[29.434,237]],"c":false}],"e":[{"i":[[-12.915,-1],[0,-230.481],[21.957,0]],"o":[[12.915,1],[0,166.519],[-16.043,0]],"v":[[130.002,-255.556],[244.917,6.925],[135.959,233.444]],"c":false}]},{"i":{"x":0.833,"y":0.833},"o":{"x":0.167,"y":0.167},"n":"0p833_0p833_0p167_0p167","t":19,"s":[{"i":[[-12.915,-1],[0,-230.481],[21.957,0]],"o":[[12.915,1],[0,166.519],[-16.043,0]],"v":[[130.002,-255.556],[244.917,6.925],[135.959,233.444]],"c":false}],"e":[{"i":[[0,-45.889],[0,-56.825],[0,-38.496]],"o":[[0,45.889],[0,56.825],[0,38.496]],"v":[[244.423,-263.794],[244.926,6.952],[244.697,255.942]],"c":false}]},{"i":{"x":0.833,"y":0.833},"o":{"x":0.167,"y":0.167},"n":"0p833_0p833_0p167_0p167","t":29,"s":[{"i":[[0,-45.889],[0,-56.825],[0,-38.496]],"o":[[0,45.889],[0,56.825],[0,38.496]],"v":[[244.423,-263.794],[244.926,6.952],[244.697,255.942]],"c":false}],"e":[{"i":[[12.242,-1],[0,-230.481],[-29.281,0]],"o":[[-12.242,1],[0,160.519],[15.207,0]],"v":[[357.866,-255.494],[244.938,6.988],[355.219,233.506]],"c":false}]},{"i":{"x":0.833,"y":0.833},"o":{"x":0.167,"y":0.167},"n":"0p833_0p833_0p167_0p167","t":40,"s":[{"i":[[12.242,-1],[0,-230.481],[-29.281,0]],"o":[[-12.242,1],[0,160.519],[15.207,0]],"v":[[357.866,-255.494],[244.938,6.988],[355.219,233.506]],"c":false}],"e":[{"i":[[19,0],[0,-221.963],[-42.043,0]],"o":[[-14,0],[0,208.037],[10.957,0]],"v":[[488.273,-262.021],[245.053,-10.059],[494.315,241.979]],"c":false}]},{"t":49}]},"nm":"Path 1","mn":"ADBE Vector Shape - Group"},{"ty":"tr","p":{"a":0,"k":[0,0],"ix":2},"a":{"a":0,"k":[0,0],"ix":1},"s":{"a":0,"k":[100,100],"ix":3},"r":{"a":0,"k":0,"ix":6},"o":{"a":0,"k":100,"ix":7},"sk":{"a":0,"k":0,"ix":4},"sa":{"a":0,"k":0,"ix":5},"nm":"Transform"}],"nm":"Shape 1","np":2,"cix":2,"ix":1,"mn":"ADBE Vector Group"},{"ty":"st","c":{"a":0,"k":[0,0,0,1]},"o":{"a":0,"k":100},"w":{"a":0,"k":29.6},"lc":1,"lj":1,"ml":4,"nm":"Stroke 1","mn":"ADBE Vector Graphic - Stroke"}],"ip":10,"op":57,"st":-84,"bm":0,"sr":1},{"ddd":0,"ind":10,"ty":4,"nm":"VertLine","parent":1,"ks":{"o":{"a":0,"k":100},"r":{"a":0,"k":0},"p":{"a":1,"k":[{"i":{"x":0.833,"y":0.833},"o":{"x":0.167,"y":0.167},"n":"0p833_0p833_0p167_0p167","t":1,"s":[305,50,0],"e":[191,50,0],"to":[0,0,0],"ti":[0,0,0]},{"i":{"x":0.833,"y":0.833},"o":{"x":0.167,"y":0.167},"n":"0p833_0p833_0p167_0p167","t":10.072,"s":[191,50,0],"e":[59.842,50,0],"to":[0,0,0],"ti":[0,0,0]},{"i":{"x":0.833,"y":0.833},"o":{"x":0.167,"y":0.167},"n":"0p833_0p833_0p167_0p167","t":20.512,"s":[59.842,50,0],"e":[-67.999,50,0],"to":[0,0,0],"ti":[0,0,0]},{"i":{"x":0.833,"y":0.833},"o":{"x":0.167,"y":0.167},"n":"0p833_0p833_0p167_0p167","t":30.688,"s":[-67.999,50,0],"e":[-185,50,0],"to":[0,0,0],"ti":[0,0,0]},{"t":40}]},"a":{"a":0,"k":[245,-10,0]},"s":{"a":0,"k":[100,100,100]}},"ao":0,"shapes":[{"ty":"gr","it":[{"ind":0,"ty":"sh","ix":1,"ks":{"a":1,"k":[{"i":{"x":0.833,"y":0.833},"o":{"x":0.167,"y":0.167},"n":"0p833_0p833_0p167_0p167","t":1,"s":[{"i":[[-16.448,0],[0,-187.963],[36.396,0]],"o":[[12.12,0],[0,176.037],[-9.486,0]],"v":[[34.896,-257],[245,-11.037],[29.434,237]],"c":false}],"e":[{"i":[[-12.915,-1],[0,-230.481],[21.957,0]],"o":[[12.915,1],[0,166.519],[-16.043,0]],"v":[[130.002,-255.556],[244.917,6.925],[135.959,233.444]],"c":false}]},{"i":{"x":0.833,"y":0.833},"o":{"x":0.167,"y":0.167},"n":"0p833_0p833_0p167_0p167","t":10,"s":[{"i":[[-12.915,-1],[0,-230.481],[21.957,0]],"o":[[12.915,1],[0,166.519],[-16.043,0]],"v":[[130.002,-255.556],[244.917,6.925],[135.959,233.444]],"c":false}],"e":[{"i":[[0,-76.657],[0,-71.422],[0,-55.954]],"o":[[0,76.657],[0,71.422],[0,55.954]],"v":[[244.423,-263.794],[244.926,6.952],[244.697,255.942]],"c":false}]},{"i":{"x":0.833,"y":0.833},"o":{"x":0.167,"y":0.167},"n":"0p833_0p833_0p167_0p167","t":20,"s":[{"i":[[0,-76.657],[0,-71.422],[0,-55.954]],"o":[[0,76.657],[0,71.422],[0,55.954]],"v":[[244.423,-263.794],[244.926,6.952],[244.697,255.942]],"c":false}],"e":[{"i":[[12.242,-1],[0,-230.481],[-29.281,0]],"o":[[-12.242,1],[0,160.519],[15.207,0]],"v":[[357.866,-255.494],[244.938,6.988],[355.219,233.506]],"c":false}]},{"i":{"x":0.833,"y":0.833},"o":{"x":0.167,"y":0.167},"n":"0p833_0p833_0p167_0p167","t":31,"s":[{"i":[[12.242,-1],[0,-230.481],[-29.281,0]],"o":[[-12.242,1],[0,160.519],[15.207,0]],"v":[[357.866,-255.494],[244.938,6.988],[355.219,233.506]],"c":false}],"e":[{"i":[[19,0],[0,-221.963],[-42.043,0]],"o":[[-14,0],[0,208.037],[10.957,0]],"v":[[488.273,-262.021],[245.053,-10.059],[494.315,241.979]],"c":false}]},{"t":40}]},"nm":"Path 1","mn":"ADBE Vector Shape - Group"},{"ty":"tr","p":{"a":0,"k":[0,0],"ix":2},"a":{"a":0,"k":[0,0],"ix":1},"s":{"a":0,"k":[100,100],"ix":3},"r":{"a":0,"k":0,"ix":6},"o":{"a":0,"k":100,"ix":7},"sk":{"a":0,"k":0,"ix":4},"sa":{"a":0,"k":0,"ix":5},"nm":"Transform"}],"nm":"Shape 1","np":2,"cix":2,"ix":1,"mn":"ADBE Vector Group"},{"ty":"st","c":{"a":0,"k":[0,0,0,1]},"o":{"a":0,"k":100},"w":{"a":0,"k":29.6},"lc":1,"lj":1,"ml":4,"nm":"Stroke 1","mn":"ADBE Vector Graphic - Stroke"}],"ip":1,"op":48,"st":-93,"bm":0,"sr":1},{"ddd":0,"ind":11,"ty":4,"nm":"VertLine","parent":1,"ks":{"o":{"a":0,"k":100},"r":{"a":0,"k":0},"p":{"a":1,"k":[{"i":{"x":0.833,"y":0.833},"o":{"x":0.167,"y":0.167},"n":"0p833_0p833_0p167_0p167","t":-8,"s":[305,50,0],"e":[191,50,0],"to":[0,0,0],"ti":[0,0,0]},{"i":{"x":0.833,"y":0.833},"o":{"x":0.167,"y":0.167},"n":"0p833_0p833_0p167_0p167","t":1.072,"s":[191,50,0],"e":[59.842,50,0],"to":[0,0,0],"ti":[0,0,0]},{"i":{"x":0.833,"y":0.833},"o":{"x":0.167,"y":0.167},"n":"0p833_0p833_0p167_0p167","t":11.512,"s":[59.842,50,0],"e":[-67.999,50,0],"to":[0,0,0],"ti":[0,0,0]},{"i":{"x":0.833,"y":0.833},"o":{"x":0.167,"y":0.167},"n":"0p833_0p833_0p167_0p167","t":21.688,"s":[-67.999,50,0],"e":[-185,50,0],"to":[0,0,0],"ti":[0,0,0]},{"t":31}]},"a":{"a":0,"k":[245,-10,0]},"s":{"a":0,"k":[100,100,100]}},"ao":0,"shapes":[{"ty":"gr","it":[{"ind":0,"ty":"sh","ix":1,"ks":{"a":1,"k":[{"i":{"x":0.833,"y":0.833},"o":{"x":0.167,"y":0.167},"n":"0p833_0p833_0p167_0p167","t":-8,"s":[{"i":[[-16.448,0],[0,-187.963],[36.396,0]],"o":[[12.12,0],[0,176.037],[-9.486,0]],"v":[[34.896,-257],[245,-11.037],[29.434,237]],"c":false}],"e":[{"i":[[-12.915,-1],[0,-230.481],[21.957,0]],"o":[[12.915,1],[0,166.519],[-16.043,0]],"v":[[130.002,-255.556],[244.917,6.925],[135.959,233.444]],"c":false}]},{"i":{"x":0.833,"y":0.833},"o":{"x":0.167,"y":0.167},"n":"0p833_0p833_0p167_0p167","t":1,"s":[{"i":[[-12.915,-1],[0,-230.481],[21.957,0]],"o":[[12.915,1],[0,166.519],[-16.043,0]],"v":[[130.002,-255.556],[244.917,6.925],[135.959,233.444]],"c":false}],"e":[{"i":[[0,0],[0,-230.481],[0,0]],"o":[[0,0],[0,163.947],[0,0]],"v":[[244.423,-263.794],[244.926,6.952],[244.697,255.942]],"c":false}]},{"i":{"x":0.833,"y":0.833},"o":{"x":0.167,"y":0.167},"n":"0p833_0p833_0p167_0p167","t":11,"s":[{"i":[[0,0],[0,-230.481],[0,0]],"o":[[0,0],[0,163.947],[0,0]],"v":[[244.423,-263.794],[244.926,6.952],[244.697,255.942]],"c":false}],"e":[{"i":[[12.242,-1],[0,-230.481],[-29.281,0]],"o":[[-12.242,1],[0,160.519],[15.207,0]],"v":[[357.866,-255.494],[244.938,6.988],[355.219,233.506]],"c":false}]},{"i":{"x":0.833,"y":0.833},"o":{"x":0.167,"y":0.167},"n":"0p833_0p833_0p167_0p167","t":22,"s":[{"i":[[12.242,-1],[0,-230.481],[-29.281,0]],"o":[[-12.242,1],[0,160.519],[15.207,0]],"v":[[357.866,-255.494],[244.938,6.988],[355.219,233.506]],"c":false}],"e":[{"i":[[19,0],[0,-221.963],[-42.043,0]],"o":[[-14,0],[0,208.037],[10.957,0]],"v":[[488.273,-262.021],[245.053,-10.059],[494.315,241.979]],"c":false}]},{"t":31}]},"nm":"Path 1","mn":"ADBE Vector Shape - Group"},{"ty":"tr","p":{"a":0,"k":[0,0],"ix":2},"a":{"a":0,"k":[0,0],"ix":1},"s":{"a":0,"k":[100,100],"ix":3},"r":{"a":0,"k":0,"ix":6},"o":{"a":0,"k":100,"ix":7},"sk":{"a":0,"k":0,"ix":4},"sa":{"a":0,"k":0,"ix":5},"nm":"Transform"}],"nm":"Shape 1","np":2,"cix":2,"ix":1,"mn":"ADBE Vector Group"},{"ty":"st","c":{"a":0,"k":[0,0,0,1]},"o":{"a":0,"k":100},"w":{"a":0,"k":29.6},"lc":1,"lj":1,"ml":4,"nm":"Stroke 1","mn":"ADBE Vector Graphic - Stroke"}],"ip":0,"op":39,"st":-102,"bm":0,"sr":1},{"ddd":0,"ind":12,"ty":4,"nm":"VertLine","parent":1,"ks":{"o":{"a":0,"k":100},"r":{"a":0,"k":0},"p":{"a":1,"k":[{"i":{"x":0.833,"y":0.833},"o":{"x":0.167,"y":0.167},"n":"0p833_0p833_0p167_0p167","t":-17,"s":[305,50,0],"e":[191,50,0],"to":[0,0,0],"ti":[0,0,0]},{"i":{"x":0.833,"y":0.833},"o":{"x":0.167,"y":0.167},"n":"0p833_0p833_0p167_0p167","t":-7.928,"s":[191,50,0],"e":[59.842,50,0],"to":[0,0,0],"ti":[0,0,0]},{"i":{"x":0.833,"y":0.833},"o":{"x":0.167,"y":0.167},"n":"0p833_0p833_0p167_0p167","t":2.512,"s":[59.842,50,0],"e":[-67.999,50,0],"to":[0,0,0],"ti":[0,0,0]},{"i":{"x":0.833,"y":0.833},"o":{"x":0.167,"y":0.167},"n":"0p833_0p833_0p167_0p167","t":12.688,"s":[-67.999,50,0],"e":[-185,50,0],"to":[0,0,0],"ti":[0,0,0]},{"t":22}]},"a":{"a":0,"k":[245,-10,0]},"s":{"a":0,"k":[100,100,100]}},"ao":0,"shapes":[{"ty":"gr","it":[{"ind":0,"ty":"sh","ix":1,"ks":{"a":1,"k":[{"i":{"x":0.833,"y":0.833},"o":{"x":0.167,"y":0.167},"n":"0p833_0p833_0p167_0p167","t":-17,"s":[{"i":[[-16.448,0],[0,-187.963],[36.396,0]],"o":[[12.12,0],[0,176.037],[-9.486,0]],"v":[[34.896,-257],[245,-11.037],[29.434,237]],"c":false}],"e":[{"i":[[-12.915,-1],[0,-230.481],[21.957,0]],"o":[[12.915,1],[0,166.519],[-16.043,0]],"v":[[130.002,-255.556],[244.917,6.925],[135.959,233.444]],"c":false}]},{"i":{"x":0.833,"y":0.833},"o":{"x":0.167,"y":0.167},"n":"0p833_0p833_0p167_0p167","t":-8,"s":[{"i":[[-12.915,-1],[0,-230.481],[21.957,0]],"o":[[12.915,1],[0,166.519],[-16.043,0]],"v":[[130.002,-255.556],[244.917,6.925],[135.959,233.444]],"c":false}],"e":[{"i":[[0,0],[0,-230.481],[0,0]],"o":[[0,0],[0,163.947],[0,0]],"v":[[244.423,-263.794],[244.926,6.952],[244.697,255.942]],"c":false}]},{"i":{"x":0.833,"y":0.833},"o":{"x":0.167,"y":0.167},"n":"0p833_0p833_0p167_0p167","t":2,"s":[{"i":[[0,0],[0,-230.481],[0,0]],"o":[[0,0],[0,163.947],[0,0]],"v":[[244.423,-263.794],[244.926,6.952],[244.697,255.942]],"c":false}],"e":[{"i":[[12.242,-1],[0,-230.481],[-29.281,0]],"o":[[-12.242,1],[0,160.519],[15.207,0]],"v":[[357.866,-255.494],[244.938,6.988],[355.219,233.506]],"c":false}]},{"i":{"x":0.833,"y":0.833},"o":{"x":0.167,"y":0.167},"n":"0p833_0p833_0p167_0p167","t":13,"s":[{"i":[[12.242,-1],[0,-230.481],[-29.281,0]],"o":[[-12.242,1],[0,160.519],[15.207,0]],"v":[[357.866,-255.494],[244.938,6.988],[355.219,233.506]],"c":false}],"e":[{"i":[[19,0],[0,-221.963],[-42.043,0]],"o":[[-14,0],[0,208.037],[10.957,0]],"v":[[488.273,-262.021],[245.053,-10.059],[494.315,241.979]],"c":false}]},{"t":22}]},"nm":"Path 1","mn":"ADBE Vector Shape - Group"},{"ty":"tr","p":{"a":0,"k":[0,0],"ix":2},"a":{"a":0,"k":[0,0],"ix":1},"s":{"a":0,"k":[100,100],"ix":3},"r":{"a":0,"k":0,"ix":6},"o":{"a":0,"k":100,"ix":7},"sk":{"a":0,"k":0,"ix":4},"sa":{"a":0,"k":0,"ix":5},"nm":"Transform"}],"nm":"Shape 1","np":2,"cix":2,"ix":1,"mn":"ADBE Vector Group"},{"ty":"st","c":{"a":0,"k":[0,0,0,1]},"o":{"a":0,"k":100},"w":{"a":0,"k":29.6},"lc":1,"lj":1,"ml":4,"nm":"Stroke 1","mn":"ADBE Vector Graphic - Stroke"}],"ip":0,"op":30,"st":-111,"bm":0,"sr":1},{"ddd":0,"ind":13,"ty":4,"nm":"VertLine","parent":1,"ks":{"o":{"a":0,"k":100},"r":{"a":0,"k":0},"p":{"a":1,"k":[{"i":{"x":0.833,"y":0.833},"o":{"x":0.167,"y":0.167},"n":"0p833_0p833_0p167_0p167","t":-26,"s":[305,50,0],"e":[191,50,0],"to":[0,0,0],"ti":[0,0,0]},{"i":{"x":0.833,"y":0.833},"o":{"x":0.167,"y":0.167},"n":"0p833_0p833_0p167_0p167","t":-16.928,"s":[191,50,0],"e":[59.842,50,0],"to":[0,0,0],"ti":[0,0,0]},{"i":{"x":0.833,"y":0.833},"o":{"x":0.167,"y":0.167},"n":"0p833_0p833_0p167_0p167","t":-6.488,"s":[59.842,50,0],"e":[-67.999,50,0],"to":[0,0,0],"ti":[0,0,0]},{"i":{"x":0.833,"y":0.833},"o":{"x":0.167,"y":0.167},"n":"0p833_0p833_0p167_0p167","t":3.688,"s":[-67.999,50,0],"e":[-185,50,0],"to":[0,0,0],"ti":[0,0,0]},{"t":13}]},"a":{"a":0,"k":[245,-10,0]},"s":{"a":0,"k":[100,100,100]}},"ao":0,"shapes":[{"ty":"gr","it":[{"ind":0,"ty":"sh","ix":1,"ks":{"a":1,"k":[{"i":{"x":0.833,"y":0.833},"o":{"x":0.167,"y":0.167},"n":"0p833_0p833_0p167_0p167","t":-26,"s":[{"i":[[-16.448,0],[0,-187.963],[36.396,0]],"o":[[12.12,0],[0,176.037],[-9.486,0]],"v":[[34.896,-257],[245,-11.037],[29.434,237]],"c":false}],"e":[{"i":[[-12.915,-1],[0,-230.481],[21.957,0]],"o":[[12.915,1],[0,166.519],[-16.043,0]],"v":[[130.002,-255.556],[244.917,6.925],[135.959,233.444]],"c":false}]},{"i":{"x":0.833,"y":0.833},"o":{"x":0.167,"y":0.167},"n":"0p833_0p833_0p167_0p167","t":-17,"s":[{"i":[[-12.915,-1],[0,-230.481],[21.957,0]],"o":[[12.915,1],[0,166.519],[-16.043,0]],"v":[[130.002,-255.556],[244.917,6.925],[135.959,233.444]],"c":false}],"e":[{"i":[[0,0],[0,-230.481],[0,0]],"o":[[0,0],[0,163.947],[0,0]],"v":[[244.423,-263.794],[244.926,6.952],[244.697,255.942]],"c":false}]},{"i":{"x":0.833,"y":0.833},"o":{"x":0.167,"y":0.167},"n":"0p833_0p833_0p167_0p167","t":-7,"s":[{"i":[[0,0],[0,-230.481],[0,0]],"o":[[0,0],[0,163.947],[0,0]],"v":[[244.423,-263.794],[244.926,6.952],[244.697,255.942]],"c":false}],"e":[{"i":[[12.242,-1],[0,-230.481],[-29.281,0]],"o":[[-12.242,1],[0,160.519],[15.207,0]],"v":[[357.866,-255.494],[244.938,6.988],[355.219,233.506]],"c":false}]},{"i":{"x":0.833,"y":0.833},"o":{"x":0.167,"y":0.167},"n":"0p833_0p833_0p167_0p167","t":4,"s":[{"i":[[12.242,-1],[0,-230.481],[-29.281,0]],"o":[[-12.242,1],[0,160.519],[15.207,0]],"v":[[357.866,-255.494],[244.938,6.988],[355.219,233.506]],"c":false}],"e":[{"i":[[19,0],[0,-221.963],[-42.043,0]],"o":[[-14,0],[0,208.037],[10.957,0]],"v":[[488.273,-262.021],[245.053,-10.059],[494.315,241.979]],"c":false}]},{"t":13}]},"nm":"Path 1","mn":"ADBE Vector Shape - Group"},{"ty":"tr","p":{"a":0,"k":[0,0],"ix":2},"a":{"a":0,"k":[0,0],"ix":1},"s":{"a":0,"k":[100,100],"ix":3},"r":{"a":0,"k":0,"ix":6},"o":{"a":0,"k":100,"ix":7},"sk":{"a":0,"k":0,"ix":4},"sa":{"a":0,"k":0,"ix":5},"nm":"Transform"}],"nm":"Shape 1","np":2,"cix":2,"ix":1,"mn":"ADBE Vector Group"},{"ty":"st","c":{"a":0,"k":[0,0,0,1]},"o":{"a":0,"k":100},"w":{"a":0,"k":29.6},"lc":1,"lj":1,"ml":4,"nm":"Stroke 1","mn":"ADBE Vector Graphic - Stroke"}],"ip":0,"op":21,"st":-120,"bm":0,"sr":1},{"ddd":0,"ind":14,"ty":4,"nm":"VertLine","parent":1,"ks":{"o":{"a":0,"k":100},"r":{"a":0,"k":0},"p":{"a":1,"k":[{"i":{"x":0.833,"y":0.833},"o":{"x":0.167,"y":0.167},"n":"0p833_0p833_0p167_0p167","t":-35,"s":[305,50,0],"e":[191,50,0],"to":[0,0,0],"ti":[0,0,0]},{"i":{"x":0.833,"y":0.833},"o":{"x":0.167,"y":0.167},"n":"0p833_0p833_0p167_0p167","t":-25.928,"s":[191,50,0],"e":[59.842,50,0],"to":[0,0,0],"ti":[0,0,0]},{"i":{"x":0.833,"y":0.833},"o":{"x":0.167,"y":0.167},"n":"0p833_0p833_0p167_0p167","t":-15.488,"s":[59.842,50,0],"e":[-67.999,50,0],"to":[0,0,0],"ti":[0,0,0]},{"i":{"x":0.833,"y":0.833},"o":{"x":0.167,"y":0.167},"n":"0p833_0p833_0p167_0p167","t":-5.312,"s":[-67.999,50,0],"e":[-185,50,0],"to":[0,0,0],"ti":[0,0,0]},{"t":4}]},"a":{"a":0,"k":[245,-10,0]},"s":{"a":0,"k":[100,100,100]}},"ao":0,"shapes":[{"ty":"gr","it":[{"ind":0,"ty":"sh","ix":1,"ks":{"a":1,"k":[{"i":{"x":0.833,"y":0.833},"o":{"x":0.167,"y":0.167},"n":"0p833_0p833_0p167_0p167","t":-35,"s":[{"i":[[-16.448,0],[0,-187.963],[36.396,0]],"o":[[12.12,0],[0,176.037],[-9.486,0]],"v":[[34.896,-257],[245,-11.037],[29.434,237]],"c":false}],"e":[{"i":[[-12.915,-1],[0,-230.481],[21.957,0]],"o":[[12.915,1],[0,166.519],[-16.043,0]],"v":[[130.002,-255.556],[244.917,6.925],[135.959,233.444]],"c":false}]},{"i":{"x":0.833,"y":0.833},"o":{"x":0.167,"y":0.167},"n":"0p833_0p833_0p167_0p167","t":-26,"s":[{"i":[[-12.915,-1],[0,-230.481],[21.957,0]],"o":[[12.915,1],[0,166.519],[-16.043,0]],"v":[[130.002,-255.556],[244.917,6.925],[135.959,233.444]],"c":false}],"e":[{"i":[[0,0],[0,-230.481],[0,0]],"o":[[0,0],[0,163.947],[0,0]],"v":[[244.423,-263.794],[244.926,6.952],[244.697,255.942]],"c":false}]},{"i":{"x":0.833,"y":0.833},"o":{"x":0.167,"y":0.167},"n":"0p833_0p833_0p167_0p167","t":-16,"s":[{"i":[[0,0],[0,-230.481],[0,0]],"o":[[0,0],[0,163.947],[0,0]],"v":[[244.423,-263.794],[244.926,6.952],[244.697,255.942]],"c":false}],"e":[{"i":[[12.242,-1],[0,-230.481],[-29.281,0]],"o":[[-12.242,1],[0,160.519],[15.207,0]],"v":[[357.866,-255.494],[244.938,6.988],[355.219,233.506]],"c":false}]},{"i":{"x":0.833,"y":0.833},"o":{"x":0.167,"y":0.167},"n":"0p833_0p833_0p167_0p167","t":-5,"s":[{"i":[[12.242,-1],[0,-230.481],[-29.281,0]],"o":[[-12.242,1],[0,160.519],[15.207,0]],"v":[[357.866,-255.494],[244.938,6.988],[355.219,233.506]],"c":false}],"e":[{"i":[[19,0],[0,-221.963],[-42.043,0]],"o":[[-14,0],[0,208.037],[10.957,0]],"v":[[488.273,-262.021],[245.053,-10.059],[494.315,241.979]],"c":false}]},{"t":4}]},"nm":"Path 1","mn":"ADBE Vector Shape - Group"},{"ty":"tr","p":{"a":0,"k":[0,0],"ix":2},"a":{"a":0,"k":[0,0],"ix":1},"s":{"a":0,"k":[100,100],"ix":3},"r":{"a":0,"k":0,"ix":6},"o":{"a":0,"k":100,"ix":7},"sk":{"a":0,"k":0,"ix":4},"sa":{"a":0,"k":0,"ix":5},"nm":"Transform"}],"nm":"Shape 1","np":2,"cix":2,"ix":1,"mn":"ADBE Vector Group"},{"ty":"st","c":{"a":0,"k":[0,0,0,1]},"o":{"a":0,"k":100},"w":{"a":0,"k":29.6},"lc":1,"lj":1,"ml":4,"nm":"Stroke 1","mn":"ADBE Vector Graphic - Stroke"}],"ip":0,"op":12,"st":-129,"bm":0,"sr":1}]}