{"v":"4.7.1","fr":60,"ip":0,"op":131,"w":150,"h":150,"nm":"Globe_AnimOff","ddd":0,"assets":[],"layers":[{"ddd":0,"ind":1,"ty":1,"nm":"Controller","ks":{"o":{"a":0,"k":0},"r":{"a":0,"k":0},"p":{"a":0,"k":[75,75,0]},"a":{"a":0,"k":[60,60,0]},"s":{"a":1,"k":[{"i":{"x":[0.833,0.833,0.833],"y":[0.967,0.967,1]},"o":{"x":[1,1,1],"y":[0,0,0]},"n":["0p833_0p967_1_0","0p833_0p967_1_0","0p833_1_1_0"],"t":21,"s":[15,15,100],"e":[0,0,100]},{"t":74}]}},"ao":0,"sw":120,"sh":120,"sc":"#ffffff","ip":0,"op":131,"st":-52,"bm":0,"sr":1},{"ddd":0,"ind":2,"ty":4,"nm":"HorzLine","parent":1,"ks":{"o":{"a":0,"k":100},"r":{"a":0,"k":0},"p":{"a":0,"k":[60,60,0]},"a":{"a":0,"k":[0,0,0]},"s":{"a":0,"k":[100,100,100]}},"ao":0,"shapes":[{"ty":"gr","it":[{"ind":0,"ty":"sh","ix":1,"ks":{"a":0,"k":{"i":[[0,0],[-129,0],[0,0]],"o":[[0,0],[129,0],[0,0]],"v":[[-243,-103],[2,-62],[239,-102]],"c":false}},"nm":"Path 1","mn":"ADBE Vector Shape - Group"},{"ty":"st","c":{"a":0,"k":[0,0,0,1]},"o":{"a":0,"k":100},"w":{"a":0,"k":36},"lc":1,"lj":1,"ml":4,"nm":"Stroke 2","mn":"ADBE Vector Graphic - Stroke"},{"ty":"tr","p":{"a":0,"k":[0,0],"ix":2},"a":{"a":0,"k":[0,0],"ix":1},"s":{"a":0,"k":[100,100],"ix":3},"r":{"a":0,"k":0,"ix":6},"o":{"a":0,"k":100,"ix":7},"sk":{"a":0,"k":0,"ix":4},"sa":{"a":0,"k":0,"ix":5},"nm":"Transform"}],"nm":"Shape 1","np":3,"cix":2,"ix":1,"mn":"ADBE Vector Group"}],"ip":0,"op":131,"st":-106,"bm":0,"sr":1},{"ddd":0,"ind":3,"ty":4,"nm":"HorzLine","parent":1,"ks":{"o":{"a":0,"k":100},"r":{"a":0,"k":0},"p":{"a":0,"k":[60,60,0]},"a":{"a":0,"k":[0,0,0]},"s":{"a":0,"k":[100,100,100]}},"ao":0,"shapes":[{"ty":"gr","it":[{"ind":0,"ty":"sh","ix":1,"ks":{"a":0,"k":{"i":[[-23.674,-31.25],[-129,0],[-36,34]],"o":[[25,33],[129,0],[31.464,-29.716]],"v":[[-252,22],[2,90],[245,25]],"c":false}},"nm":"Path 1","mn":"ADBE Vector Shape - Group"},{"ty":"st","c":{"a":0,"k":[0,0,0,1]},"o":{"a":0,"k":100},"w":{"a":0,"k":36},"lc":1,"lj":1,"ml":4,"nm":"Stroke 2","mn":"ADBE Vector Graphic - Stroke"},{"ty":"tr","p":{"a":0,"k":[0,0],"ix":2},"a":{"a":0,"k":[0,0],"ix":1},"s":{"a":0,"k":[100,100],"ix":3},"r":{"a":0,"k":0,"ix":6},"o":{"a":0,"k":100,"ix":7},"sk":{"a":0,"k":0,"ix":4},"sa":{"a":0,"k":0,"ix":5},"nm":"Transform"}],"nm":"Shape 1","np":3,"cix":2,"ix":1,"mn":"ADBE Vector Group"}],"ip":0,"op":131,"st":-106,"bm":0,"sr":1},{"ddd":0,"ind":4,"ty":4,"nm":"Globe","parent":1,"ks":{"o":{"a":0,"k":100},"r":{"a":0,"k":0},"p":{"a":0,"k":[60,52,0]},"a":{"a":0,"k":[0,0,0]},"s":{"a":0,"k":[100,100,100]}},"ao":0,"shapes":[{"ty":"gr","it":[{"d":1,"ty":"el","s":{"a":0,"k":[509.582,509.582]},"p":{"a":0,"k":[0,0]},"nm":"Ellipse Path 1","mn":"ADBE Vector Shape - Ellipse"},{"ty":"st","c":{"a":0,"k":[0,0,0,1]},"o":{"a":0,"k":100},"w":{"a":0,"k":52.1},"lc":1,"lj":1,"ml":4,"nm":"Stroke 2","mn":"ADBE Vector Graphic - Stroke"},{"ty":"tr","p":{"a":0,"k":[0,-1.779],"ix":2},"a":{"a":0,"k":[0,0],"ix":1},"s":{"a":0,"k":[100,100],"ix":3},"r":{"a":0,"k":0,"ix":6},"o":{"a":0,"k":100,"ix":7},"sk":{"a":0,"k":0,"ix":4},"sa":{"a":0,"k":0,"ix":5},"nm":"Transform"}],"nm":"Ellipse 1","np":3,"cix":2,"ix":1,"mn":"ADBE Vector Group"}],"ip":0,"op":131,"st":-106,"bm":0,"sr":1},{"ddd":0,"ind":5,"ty":4,"nm":"VertLine","parent":1,"ks":{"o":{"a":0,"k":100},"r":{"a":0,"k":0},"p":{"a":1,"k":[{"i":{"x":0.833,"y":0.833},"o":{"x":0.65,"y":0},"n":"0p833_0p833_0p65_0","t":10,"s":[191,50,0],"e":[305,50,0],"to":[0,0,0],"ti":[0,0,0]},{"t":30}]},"a":{"a":0,"k":[245,-10,0]},"s":{"a":0,"k":[100,100,100]}},"ao":0,"shapes":[{"ty":"gr","it":[{"ind":0,"ty":"sh","ix":1,"ks":{"a":1,"k":[{"i":{"x":0.833,"y":0.833},"o":{"x":0.65,"y":0},"n":"0p833_0p833_0p65_0","t":10,"s":[{"i":[[-12.915,-1],[0,-230.481],[21.957,0]],"o":[[12.915,1],[0,166.519],[-16.043,0]],"v":[[130.002,-255.556],[244.917,6.925],[135.959,233.444]],"c":false}],"e":[{"i":[[-16.448,0],[0,-187.963],[36.396,0]],"o":[[12.12,0],[0,176.037],[-9.486,0]],"v":[[34.896,-257],[245,-11.037],[29.434,237]],"c":false}]},{"t":30}]},"nm":"Path 1","mn":"ADBE Vector Shape - Group"},{"ty":"tr","p":{"a":0,"k":[0,0],"ix":2},"a":{"a":0,"k":[0,0],"ix":1},"s":{"a":0,"k":[100,100],"ix":3},"r":{"a":0,"k":0,"ix":6},"o":{"a":0,"k":100,"ix":7},"sk":{"a":0,"k":0,"ix":4},"sa":{"a":0,"k":0,"ix":5},"nm":"Transform"}],"nm":"Shape 1","np":2,"cix":2,"ix":1,"mn":"ADBE Vector Group"},{"ty":"st","c":{"a":0,"k":[0,0,0,1]},"o":{"a":0,"k":100},"w":{"a":0,"k":29.6},"lc":1,"lj":1,"ml":4,"nm":"Stroke 1","mn":"ADBE Vector Graphic - Stroke"}],"ip":0,"op":31,"st":-22,"bm":0,"sr":1},{"ddd":0,"ind":6,"ty":4,"nm":"VertLine","parent":1,"ks":{"o":{"a":0,"k":100},"r":{"a":0,"k":0},"p":{"a":1,"k":[{"i":{"x":0.833,"y":0.833},"o":{"x":0.65,"y":0},"n":"0p833_0p833_0p65_0","t":10,"s":[59.842,50,0],"e":[191,50,0],"to":[0,0,0],"ti":[0,0,0]},{"i":{"x":0.833,"y":0.833},"o":{"x":0.167,"y":0.167},"n":"0p833_0p833_0p167_0p167","t":30,"s":[191,50,0],"e":[305,50,0],"to":[0,0,0],"ti":[0,0,0]},{"t":40}]},"a":{"a":0,"k":[245,-10,0]},"s":{"a":0,"k":[100,100,100]}},"ao":0,"shapes":[{"ty":"gr","it":[{"ind":0,"ty":"sh","ix":1,"ks":{"a":1,"k":[{"i":{"x":0.833,"y":0.833},"o":{"x":0.65,"y":0},"n":"0p833_0p833_0p65_0","t":10,"s":[{"i":[[0,-53.794],[-0.048,-90.249],[0,-64.058]],"o":[[0,53.794],[0.044,82.996],[0,64.058]],"v":[[244.423,-263.794],[244.926,6.952],[244.697,255.942]],"c":false}],"e":[{"i":[[-12.915,-1],[0,-230.481],[21.957,0]],"o":[[12.915,1],[0,166.519],[-16.043,0]],"v":[[130.002,-255.556],[244.917,6.925],[135.959,233.444]],"c":false}]},{"i":{"x":0.833,"y":0.833},"o":{"x":0.167,"y":0.167},"n":"0p833_0p833_0p167_0p167","t":30,"s":[{"i":[[-12.915,-1],[0,-230.481],[21.957,0]],"o":[[12.915,1],[0,166.519],[-16.043,0]],"v":[[130.002,-255.556],[244.917,6.925],[135.959,233.444]],"c":false}],"e":[{"i":[[-16.448,0],[0,-187.963],[36.396,0]],"o":[[12.12,0],[0,176.037],[-9.486,0]],"v":[[34.896,-257],[245,-11.037],[29.434,237]],"c":false}]},{"t":40}]},"nm":"Path 1","mn":"ADBE Vector Shape - Group"},{"ty":"tr","p":{"a":0,"k":[0,0],"ix":2},"a":{"a":0,"k":[0,0],"ix":1},"s":{"a":0,"k":[100,100],"ix":3},"r":{"a":0,"k":0,"ix":6},"o":{"a":0,"k":100,"ix":7},"sk":{"a":0,"k":0,"ix":4},"sa":{"a":0,"k":0,"ix":5},"nm":"Transform"}],"nm":"Shape 1","np":2,"cix":2,"ix":1,"mn":"ADBE Vector Group"},{"ty":"st","c":{"a":0,"k":[0,0,0,1]},"o":{"a":0,"k":100},"w":{"a":0,"k":29.6},"lc":1,"lj":1,"ml":4,"nm":"Stroke 1","mn":"ADBE Vector Graphic - Stroke"}],"ip":0,"op":41,"st":-34,"bm":0,"sr":1},{"ddd":0,"ind":7,"ty":4,"nm":"VertLine","parent":1,"ks":{"o":{"a":0,"k":100},"r":{"a":0,"k":0},"p":{"a":1,"k":[{"i":{"x":0.833,"y":0.833},"o":{"x":0.65,"y":0},"n":"0p833_0p833_0p65_0","t":10,"s":[-67.999,50,0],"e":[59.842,50,0],"to":[0,0,0],"ti":[0,0,0]},{"i":{"x":0.833,"y":0.833},"o":{"x":0.167,"y":0.167},"n":"0p833_0p833_0p167_0p167","t":30,"s":[59.842,50,0],"e":[191,50,0],"to":[0,0,0],"ti":[0,0,0]},{"i":{"x":0.833,"y":0.833},"o":{"x":0.167,"y":0.167},"n":"0p833_0p833_0p167_0p167","t":40.164,"s":[191,50,0],"e":[305,50,0],"to":[0,0,0],"ti":[0,0,0]},{"t":49}]},"a":{"a":0,"k":[245,-10,0]},"s":{"a":0,"k":[100,100,100]}},"ao":0,"shapes":[{"ty":"gr","it":[{"ind":0,"ty":"sh","ix":1,"ks":{"a":1,"k":[{"i":{"x":0.833,"y":0.833},"o":{"x":0.65,"y":0},"n":"0p833_0p833_0p65_0","t":10,"s":[{"i":[[12.242,-1],[0,-230.481],[-29.281,0]],"o":[[-12.242,1],[0,160.519],[15.207,0]],"v":[[357.866,-255.494],[244.938,6.988],[355.219,233.506]],"c":false}],"e":[{"i":[[0,-60.315],[0,-63.677],[0,-55.163]],"o":[[0,60.315],[0,63.677],[0,55.162]],"v":[[244.423,-263.794],[244.926,6.952],[244.697,255.942]],"c":false}]},{"i":{"x":0.833,"y":0.833},"o":{"x":0.167,"y":0.167},"n":"0p833_0p833_0p167_0p167","t":30,"s":[{"i":[[0,-60.315],[0,-63.677],[0,-55.163]],"o":[[0,60.315],[0,63.677],[0,55.162]],"v":[[244.423,-263.794],[244.926,6.952],[244.697,255.942]],"c":false}],"e":[{"i":[[-12.915,-1],[0,-230.481],[21.957,0]],"o":[[12.915,1],[0,166.519],[-16.043,0]],"v":[[130.002,-255.556],[244.917,6.925],[135.959,233.444]],"c":false}]},{"i":{"x":0.833,"y":0.833},"o":{"x":0.167,"y":0.167},"n":"0p833_0p833_0p167_0p167","t":40,"s":[{"i":[[-12.915,-1],[0,-230.481],[21.957,0]],"o":[[12.915,1],[0,166.519],[-16.043,0]],"v":[[130.002,-255.556],[244.917,6.925],[135.959,233.444]],"c":false}],"e":[{"i":[[-16.448,0],[0,-187.963],[36.396,0]],"o":[[12.12,0],[0,176.037],[-9.486,0]],"v":[[34.896,-257],[245,-11.037],[29.434,237]],"c":false}]},{"t":49}]},"nm":"Path 1","mn":"ADBE Vector Shape - Group"},{"ty":"tr","p":{"a":0,"k":[0,0],"ix":2},"a":{"a":0,"k":[0,0],"ix":1},"s":{"a":0,"k":[100,100],"ix":3},"r":{"a":0,"k":0,"ix":6},"o":{"a":0,"k":100,"ix":7},"sk":{"a":0,"k":0,"ix":4},"sa":{"a":0,"k":0,"ix":5},"nm":"Transform"}],"nm":"Shape 1","np":2,"cix":2,"ix":1,"mn":"ADBE Vector Group"},{"ty":"st","c":{"a":0,"k":[0,0,0,1]},"o":{"a":0,"k":100},"w":{"a":0,"k":29.6},"lc":1,"lj":1,"ml":4,"nm":"Stroke 1","mn":"ADBE Vector Graphic - Stroke"}],"ip":0,"op":50,"st":-43,"bm":0,"sr":1},{"ddd":0,"ind":8,"ty":4,"nm":"VertLine","parent":1,"ks":{"o":{"a":0,"k":100},"r":{"a":0,"k":0},"p":{"a":1,"k":[{"i":{"x":0.833,"y":0.833},"o":{"x":0.65,"y":0},"n":"0p833_0p833_0p65_0","t":10,"s":[-185,50,0],"e":[-67.999,50,0],"to":[0,0,0],"ti":[0,0,0]},{"i":{"x":0.833,"y":0.833},"o":{"x":0.167,"y":0.167},"n":"0p833_0p833_0p167_0p167","t":30,"s":[-67.999,50,0],"e":[59.842,50,0],"to":[0,0,0],"ti":[0,0,0]},{"i":{"x":0.833,"y":0.833},"o":{"x":0.167,"y":0.167},"n":"0p833_0p833_0p167_0p167","t":39.596,"s":[59.842,50,0],"e":[191,50,0],"to":[0,0,0],"ti":[0,0,0]},{"i":{"x":0.833,"y":0.833},"o":{"x":0.167,"y":0.167},"n":"0p833_0p833_0p167_0p167","t":49.441,"s":[191,50,0],"e":[305,50,0],"to":[0,0,0],"ti":[0,0,0]},{"t":58}]},"a":{"a":0,"k":[245,-10,0]},"s":{"a":0,"k":[100,100,100]}},"ao":0,"shapes":[{"ty":"gr","it":[{"ind":0,"ty":"sh","ix":1,"ks":{"a":1,"k":[{"i":{"x":0.833,"y":0.833},"o":{"x":0.65,"y":0},"n":"0p833_0p833_0p65_0","t":10,"s":[{"i":[[19,0],[0,-221.963],[-42.043,0]],"o":[[-14,0],[0,208.037],[10.957,0]],"v":[[488.273,-262.021],[245.053,-10.059],[494.315,241.979]],"c":false}],"e":[{"i":[[12.242,-1],[0,-230.481],[-29.281,0]],"o":[[-12.242,1],[0,160.519],[15.207,0]],"v":[[357.866,-255.494],[244.938,6.988],[355.219,233.506]],"c":false}]},{"i":{"x":0.833,"y":0.833},"o":{"x":0.167,"y":0.167},"n":"0p833_0p833_0p167_0p167","t":30,"s":[{"i":[[12.242,-1],[0,-230.481],[-29.281,0]],"o":[[-12.242,1],[0,160.519],[15.207,0]],"v":[[357.866,-255.494],[244.938,6.988],[355.219,233.506]],"c":false}],"e":[{"i":[[0,-53.632],[-0.048,-90.249],[0,-51.486]],"o":[[0,53.632],[0.044,82.996],[0,51.486]],"v":[[244.423,-263.794],[244.926,6.952],[244.697,255.942]],"c":false}]},{"i":{"x":0.833,"y":0.833},"o":{"x":0.167,"y":0.167},"n":"0p833_0p833_0p167_0p167","t":39,"s":[{"i":[[0,-53.632],[-0.048,-90.249],[0,-51.486]],"o":[[0,53.632],[0.044,82.996],[0,51.486]],"v":[[244.423,-263.794],[244.926,6.952],[244.697,255.942]],"c":false}],"e":[{"i":[[-12.915,-1],[0,-230.481],[21.957,0]],"o":[[12.915,1],[0,166.519],[-16.043,0]],"v":[[130.002,-255.556],[244.917,6.925],[135.959,233.444]],"c":false}]},{"i":{"x":0.833,"y":0.833},"o":{"x":0.167,"y":0.167},"n":"0p833_0p833_0p167_0p167","t":49,"s":[{"i":[[-12.915,-1],[0,-230.481],[21.957,0]],"o":[[12.915,1],[0,166.519],[-16.043,0]],"v":[[130.002,-255.556],[244.917,6.925],[135.959,233.444]],"c":false}],"e":[{"i":[[-16.448,0],[0,-187.963],[36.396,0]],"o":[[12.12,0],[0,176.037],[-9.486,0]],"v":[[34.896,-257],[245,-11.037],[29.434,237]],"c":false}]},{"t":58}]},"nm":"Path 1","mn":"ADBE Vector Shape - Group"},{"ty":"tr","p":{"a":0,"k":[0,0],"ix":2},"a":{"a":0,"k":[0,0],"ix":1},"s":{"a":0,"k":[100,100],"ix":3},"r":{"a":0,"k":0,"ix":6},"o":{"a":0,"k":100,"ix":7},"sk":{"a":0,"k":0,"ix":4},"sa":{"a":0,"k":0,"ix":5},"nm":"Transform"}],"nm":"Shape 1","np":2,"cix":2,"ix":1,"mn":"ADBE Vector Group"},{"ty":"st","c":{"a":0,"k":[0,0,0,1]},"o":{"a":0,"k":100},"w":{"a":0,"k":29.6},"lc":1,"lj":1,"ml":4,"nm":"Stroke 1","mn":"ADBE Vector Graphic - Stroke"}],"ip":0,"op":59,"st":-52,"bm":0,"sr":1},{"ddd":0,"ind":9,"ty":4,"nm":"VertLine","parent":1,"ks":{"o":{"a":0,"k":100},"r":{"a":0,"k":0},"p":{"a":1,"k":[{"i":{"x":0.833,"y":0.833},"o":{"x":0.167,"y":0.167},"n":"0p833_0p833_0p167_0p167","t":27,"s":[-185,50,0],"e":[-67.999,50,0],"to":[0,0,0],"ti":[0,0,0]},{"i":{"x":0.833,"y":0.833},"o":{"x":0.167,"y":0.167},"n":"0p833_0p833_0p167_0p167","t":36.311,"s":[-67.999,50,0],"e":[59.842,50,0],"to":[0,0,0],"ti":[0,0,0]},{"i":{"x":0.833,"y":0.833},"o":{"x":0.167,"y":0.167},"n":"0p833_0p833_0p167_0p167","t":46.486,"s":[59.842,50,0],"e":[191,50,0],"to":[0,0,0],"ti":[0,0,0]},{"i":{"x":0.833,"y":0.833},"o":{"x":0.167,"y":0.167},"n":"0p833_0p833_0p167_0p167","t":56.926,"s":[191,50,0],"e":[305,50,0],"to":[0,0,0],"ti":[0,0,0]},{"t":66}]},"a":{"a":0,"k":[245,-10,0]},"s":{"a":0,"k":[100,100,100]}},"ao":0,"shapes":[{"ty":"gr","it":[{"ind":0,"ty":"sh","ix":1,"ks":{"a":1,"k":[{"i":{"x":0.833,"y":0.833},"o":{"x":0.167,"y":0.167},"n":"0p833_0p833_0p167_0p167","t":27,"s":[{"i":[[19,0],[0,-221.963],[-42.043,0]],"o":[[-14,0],[0,208.037],[10.957,0]],"v":[[488.273,-262.021],[245.053,-10.059],[494.315,241.979]],"c":false}],"e":[{"i":[[12.242,-1],[0,-230.481],[-29.281,0]],"o":[[-12.242,1],[0,160.519],[15.207,0]],"v":[[357.866,-255.494],[244.938,6.988],[355.219,233.506]],"c":false}]},{"i":{"x":0.833,"y":0.833},"o":{"x":0.167,"y":0.167},"n":"0p833_0p833_0p167_0p167","t":36,"s":[{"i":[[12.242,-1],[0,-230.481],[-29.281,0]],"o":[[-12.242,1],[0,160.519],[15.207,0]],"v":[[357.866,-255.494],[244.938,6.988],[355.219,233.506]],"c":false}],"e":[{"i":[[0,-64.488],[-0.048,-90.249],[0,-65.162]],"o":[[0,64.488],[0.044,82.997],[0,65.162]],"v":[[244.423,-263.794],[244.926,6.952],[244.697,255.942]],"c":false}]},{"i":{"x":0.833,"y":0.833},"o":{"x":0.167,"y":0.167},"n":"0p833_0p833_0p167_0p167","t":47,"s":[{"i":[[0,-64.488],[-0.048,-90.249],[0,-65.162]],"o":[[0,64.488],[0.044,82.997],[0,65.162]],"v":[[244.423,-263.794],[244.926,6.952],[244.697,255.942]],"c":false}],"e":[{"i":[[-12.915,-1],[0,-230.481],[21.957,0]],"o":[[12.915,1],[0,166.519],[-16.043,0]],"v":[[130.002,-255.556],[244.917,6.925],[135.959,233.444]],"c":false}]},{"i":{"x":0.833,"y":0.833},"o":{"x":0.167,"y":0.167},"n":"0p833_0p833_0p167_0p167","t":57,"s":[{"i":[[-12.915,-1],[0,-230.481],[21.957,0]],"o":[[12.915,1],[0,166.519],[-16.043,0]],"v":[[130.002,-255.556],[244.917,6.925],[135.959,233.444]],"c":false}],"e":[{"i":[[-16.448,0],[0,-187.963],[36.396,0]],"o":[[12.12,0],[0,176.037],[-9.486,0]],"v":[[34.896,-257],[245,-11.037],[29.434,237]],"c":false}]},{"t":66}]},"nm":"Path 1","mn":"ADBE Vector Shape - Group"},{"ty":"tr","p":{"a":0,"k":[0,0],"ix":2},"a":{"a":0,"k":[0,0],"ix":1},"s":{"a":0,"k":[100,100],"ix":3},"r":{"a":0,"k":0,"ix":6},"o":{"a":0,"k":100,"ix":7},"sk":{"a":0,"k":0,"ix":4},"sa":{"a":0,"k":0,"ix":5},"nm":"Transform"}],"nm":"Shape 1","np":2,"cix":2,"ix":1,"mn":"ADBE Vector Group"},{"ty":"st","c":{"a":0,"k":[0,0,0,1]},"o":{"a":0,"k":100},"w":{"a":0,"k":29.6},"lc":1,"lj":1,"ml":4,"nm":"Stroke 1","mn":"ADBE Vector Graphic - Stroke"}],"ip":27,"op":67,"st":-60,"bm":0,"sr":1},{"ddd":0,"ind":10,"ty":4,"nm":"VertLine","parent":1,"ks":{"o":{"a":0,"k":100},"r":{"a":0,"k":0},"p":{"a":1,"k":[{"i":{"x":0.833,"y":0.833},"o":{"x":0.167,"y":0.167},"n":"0p833_0p833_0p167_0p167","t":36,"s":[-185,50,0],"e":[-67.999,50,0],"to":[0,0,0],"ti":[0,0,0]},{"i":{"x":0.833,"y":0.833},"o":{"x":0.167,"y":0.167},"n":"0p833_0p833_0p167_0p167","t":45.311,"s":[-67.999,50,0],"e":[59.842,50,0],"to":[0,0,0],"ti":[0,0,0]},{"i":{"x":0.833,"y":0.833},"o":{"x":0.167,"y":0.167},"n":"0p833_0p833_0p167_0p167","t":55.486,"s":[59.842,50,0],"e":[191,50,0],"to":[0,0,0],"ti":[0,0,0]},{"i":{"x":0.833,"y":0.833},"o":{"x":0.167,"y":0.167},"n":"0p833_0p833_0p167_0p167","t":65.926,"s":[191,50,0],"e":[305,50,0],"to":[0,0,0],"ti":[0,0,0]},{"t":75}]},"a":{"a":0,"k":[245,-10,0]},"s":{"a":0,"k":[100,100,100]}},"ao":0,"shapes":[{"ty":"gr","it":[{"ind":0,"ty":"sh","ix":1,"ks":{"a":1,"k":[{"i":{"x":0.833,"y":0.833},"o":{"x":0.167,"y":0.167},"n":"0p833_0p833_0p167_0p167","t":36,"s":[{"i":[[19,0],[0,-221.963],[-42.043,0]],"o":[[-14,0],[0,208.037],[10.957,0]],"v":[[488.273,-262.021],[245.053,-10.059],[494.315,241.979]],"c":false}],"e":[{"i":[[12.242,-1],[0,-230.481],[-29.281,0]],"o":[[-12.242,1],[0,160.519],[15.207,0]],"v":[[357.866,-255.494],[244.938,6.988],[355.219,233.506]],"c":false}]},{"i":{"x":0.833,"y":0.833},"o":{"x":0.167,"y":0.167},"n":"0p833_0p833_0p167_0p167","t":45,"s":[{"i":[[12.242,-1],[0,-230.481],[-29.281,0]],"o":[[-12.242,1],[0,160.519],[15.207,0]],"v":[[357.866,-255.494],[244.938,6.988],[355.219,233.506]],"c":false}],"e":[{"i":[[0,-72.463],[-0.048,-90.249],[0,-67.195]],"o":[[0,72.463],[0.044,82.997],[0,67.196]],"v":[[244.423,-263.794],[244.926,6.952],[244.697,255.941]],"c":false}]},{"i":{"x":0.833,"y":0.833},"o":{"x":0.167,"y":0.167},"n":"0p833_0p833_0p167_0p167","t":56,"s":[{"i":[[0,-72.463],[-0.048,-90.249],[0,-67.195]],"o":[[0,72.463],[0.044,82.997],[0,67.196]],"v":[[244.423,-263.794],[244.926,6.952],[244.697,255.941]],"c":false}],"e":[{"i":[[-12.915,-1],[0,-230.481],[21.957,0]],"o":[[12.915,1],[0,166.519],[-16.043,0]],"v":[[130.002,-255.556],[244.917,6.925],[135.959,233.444]],"c":false}]},{"i":{"x":0.833,"y":0.833},"o":{"x":0.167,"y":0.167},"n":"0p833_0p833_0p167_0p167","t":66,"s":[{"i":[[-12.915,-1],[0,-230.481],[21.957,0]],"o":[[12.915,1],[0,166.519],[-16.043,0]],"v":[[130.002,-255.556],[244.917,6.925],[135.959,233.444]],"c":false}],"e":[{"i":[[-16.448,0],[0,-187.963],[36.396,0]],"o":[[12.12,0],[0,176.037],[-9.486,0]],"v":[[34.896,-257],[245,-11.037],[29.434,237]],"c":false}]},{"t":75}]},"nm":"Path 1","mn":"ADBE Vector Shape - Group"},{"ty":"tr","p":{"a":0,"k":[0,0],"ix":2},"a":{"a":0,"k":[0,0],"ix":1},"s":{"a":0,"k":[100,100],"ix":3},"r":{"a":0,"k":0,"ix":6},"o":{"a":0,"k":100,"ix":7},"sk":{"a":0,"k":0,"ix":4},"sa":{"a":0,"k":0,"ix":5},"nm":"Transform"}],"nm":"Shape 1","np":2,"cix":2,"ix":1,"mn":"ADBE Vector Group"},{"ty":"st","c":{"a":0,"k":[0,0,0,1]},"o":{"a":0,"k":100},"w":{"a":0,"k":29.6},"lc":1,"lj":1,"ml":4,"nm":"Stroke 1","mn":"ADBE Vector Graphic - Stroke"}],"ip":36,"op":76,"st":-69,"bm":0,"sr":1},{"ddd":0,"ind":11,"ty":4,"nm":"VertLine","parent":1,"ks":{"o":{"a":0,"k":100},"r":{"a":0,"k":0},"p":{"a":1,"k":[{"i":{"x":0.833,"y":0.833},"o":{"x":0.167,"y":0.167},"n":"0p833_0p833_0p167_0p167","t":45,"s":[-185,50,0],"e":[-67.999,50,0],"to":[0,0,0],"ti":[0,0,0]},{"i":{"x":0.833,"y":0.833},"o":{"x":0.167,"y":0.167},"n":"0p833_0p833_0p167_0p167","t":54.311,"s":[-67.999,50,0],"e":[59.842,50,0],"to":[0,0,0],"ti":[0,0,0]},{"i":{"x":0.833,"y":0.833},"o":{"x":0.167,"y":0.167},"n":"0p833_0p833_0p167_0p167","t":64.486,"s":[59.842,50,0],"e":[191,50,0],"to":[0,0,0],"ti":[0,0,0]},{"i":{"x":0.833,"y":0.833},"o":{"x":0.167,"y":0.167},"n":"0p833_0p833_0p167_0p167","t":74.926,"s":[191,50,0],"e":[305,50,0],"to":[0,0,0],"ti":[0,0,0]},{"t":84}]},"a":{"a":0,"k":[245,-10,0]},"s":{"a":0,"k":[100,100,100]}},"ao":0,"shapes":[{"ty":"gr","it":[{"ind":0,"ty":"sh","ix":1,"ks":{"a":1,"k":[{"i":{"x":0.833,"y":0.833},"o":{"x":0.167,"y":0.167},"n":"0p833_0p833_0p167_0p167","t":45,"s":[{"i":[[19,0],[0,-221.963],[-42.043,0]],"o":[[-14,0],[0,208.037],[10.957,0]],"v":[[488.273,-262.021],[245.053,-10.059],[494.315,241.979]],"c":false}],"e":[{"i":[[12.242,-1],[0,-230.481],[-29.281,0]],"o":[[-12.242,1],[0,160.519],[15.207,0]],"v":[[357.866,-255.494],[244.938,6.988],[355.219,233.506]],"c":false}]},{"i":{"x":0.833,"y":0.833},"o":{"x":0.167,"y":0.167},"n":"0p833_0p833_0p167_0p167","t":54,"s":[{"i":[[12.242,-1],[0,-230.481],[-29.281,0]],"o":[[-12.242,1],[0,160.519],[15.207,0]],"v":[[357.866,-255.494],[244.938,6.988],[355.219,233.506]],"c":false}],"e":[{"i":[[0,-75.057],[-0.048,-90.249],[0,-76.747]],"o":[[0,75.057],[0.044,82.996],[0,76.747]],"v":[[244.423,-263.794],[244.926,6.952],[244.697,255.942]],"c":false}]},{"i":{"x":0.833,"y":0.833},"o":{"x":0.167,"y":0.167},"n":"0p833_0p833_0p167_0p167","t":65,"s":[{"i":[[0,-75.057],[-0.048,-90.249],[0,-76.747]],"o":[[0,75.057],[0.044,82.996],[0,76.747]],"v":[[244.423,-263.794],[244.926,6.952],[244.697,255.942]],"c":false}],"e":[{"i":[[-12.915,-1],[0,-230.481],[21.957,0]],"o":[[12.915,1],[0,166.519],[-16.043,0]],"v":[[130.002,-255.556],[244.917,6.925],[135.959,233.444]],"c":false}]},{"i":{"x":0.833,"y":0.833},"o":{"x":0.167,"y":0.167},"n":"0p833_0p833_0p167_0p167","t":75,"s":[{"i":[[-12.915,-1],[0,-230.481],[21.957,0]],"o":[[12.915,1],[0,166.519],[-16.043,0]],"v":[[130.002,-255.556],[244.917,6.925],[135.959,233.444]],"c":false}],"e":[{"i":[[-16.448,0],[0,-187.963],[36.396,0]],"o":[[12.12,0],[0,176.037],[-9.486,0]],"v":[[34.896,-257],[245,-11.037],[29.434,237]],"c":false}]},{"t":84}]},"nm":"Path 1","mn":"ADBE Vector Shape - Group"},{"ty":"tr","p":{"a":0,"k":[0,0],"ix":2},"a":{"a":0,"k":[0,0],"ix":1},"s":{"a":0,"k":[100,100],"ix":3},"r":{"a":0,"k":0,"ix":6},"o":{"a":0,"k":100,"ix":7},"sk":{"a":0,"k":0,"ix":4},"sa":{"a":0,"k":0,"ix":5},"nm":"Transform"}],"nm":"Shape 1","np":2,"cix":2,"ix":1,"mn":"ADBE Vector Group"},{"ty":"st","c":{"a":0,"k":[0,0,0,1]},"o":{"a":0,"k":100},"w":{"a":0,"k":29.6},"lc":1,"lj":1,"ml":4,"nm":"Stroke 1","mn":"ADBE Vector Graphic - Stroke"}],"ip":45,"op":85,"st":-78,"bm":0,"sr":1},{"ddd":0,"ind":12,"ty":4,"nm":"VertLine","parent":1,"ks":{"o":{"a":0,"k":100},"r":{"a":0,"k":0},"p":{"a":1,"k":[{"i":{"x":0.833,"y":0.833},"o":{"x":0.167,"y":0.167},"n":"0p833_0p833_0p167_0p167","t":54,"s":[-185,50,0],"e":[-67.999,50,0],"to":[0,0,0],"ti":[0,0,0]},{"i":{"x":0.833,"y":0.833},"o":{"x":0.167,"y":0.167},"n":"0p833_0p833_0p167_0p167","t":63.311,"s":[-67.999,50,0],"e":[59.842,50,0],"to":[0,0,0],"ti":[0,0,0]},{"i":{"x":0.833,"y":0.833},"o":{"x":0.167,"y":0.167},"n":"0p833_0p833_0p167_0p167","t":73.486,"s":[59.842,50,0],"e":[191,50,0],"to":[0,0,0],"ti":[0,0,0]},{"i":{"x":0.833,"y":0.833},"o":{"x":0.167,"y":0.167},"n":"0p833_0p833_0p167_0p167","t":83.926,"s":[191,50,0],"e":[305,50,0],"to":[0,0,0],"ti":[0,0,0]},{"t":93}]},"a":{"a":0,"k":[245,-10,0]},"s":{"a":0,"k":[100,100,100]}},"ao":0,"shapes":[{"ty":"gr","it":[{"ind":0,"ty":"sh","ix":1,"ks":{"a":1,"k":[{"i":{"x":0.833,"y":0.833},"o":{"x":0.167,"y":0.167},"n":"0p833_0p833_0p167_0p167","t":54,"s":[{"i":[[19,0],[0,-221.963],[-42.043,0]],"o":[[-14,0],[0,208.037],[10.957,0]],"v":[[488.273,-262.021],[245.053,-10.059],[494.315,241.979]],"c":false}],"e":[{"i":[[12.242,-1],[0,-230.481],[-29.281,0]],"o":[[-12.242,1],[0,160.519],[15.207,0]],"v":[[357.866,-255.494],[244.938,6.988],[355.219,233.506]],"c":false}]},{"i":{"x":0.833,"y":0.833},"o":{"x":0.167,"y":0.167},"n":"0p833_0p833_0p167_0p167","t":63,"s":[{"i":[[12.242,-1],[0,-230.481],[-29.281,0]],"o":[[-12.242,1],[0,160.519],[15.207,0]],"v":[[357.866,-255.494],[244.938,6.988],[355.219,233.506]],"c":false}],"e":[{"i":[[0,0],[0,-230.481],[0,0]],"o":[[0,0],[0,163.947],[0,0]],"v":[[244.423,-263.794],[244.926,6.952],[244.697,255.942]],"c":false}]},{"i":{"x":0.833,"y":0.833},"o":{"x":0.167,"y":0.167},"n":"0p833_0p833_0p167_0p167","t":74,"s":[{"i":[[0,0],[0,-230.481],[0,0]],"o":[[0,0],[0,163.947],[0,0]],"v":[[244.423,-263.794],[244.926,6.952],[244.697,255.942]],"c":false}],"e":[{"i":[[-12.915,-1],[0,-230.481],[21.957,0]],"o":[[12.915,1],[0,166.519],[-16.043,0]],"v":[[130.002,-255.556],[244.917,6.925],[135.959,233.444]],"c":false}]},{"i":{"x":0.833,"y":0.833},"o":{"x":0.167,"y":0.167},"n":"0p833_0p833_0p167_0p167","t":84,"s":[{"i":[[-12.915,-1],[0,-230.481],[21.957,0]],"o":[[12.915,1],[0,166.519],[-16.043,0]],"v":[[130.002,-255.556],[244.917,6.925],[135.959,233.444]],"c":false}],"e":[{"i":[[-16.448,0],[0,-187.963],[36.396,0]],"o":[[12.12,0],[0,176.037],[-9.486,0]],"v":[[34.896,-257],[245,-11.037],[29.434,237]],"c":false}]},{"t":93}]},"nm":"Path 1","mn":"ADBE Vector Shape - Group"},{"ty":"tr","p":{"a":0,"k":[0,0],"ix":2},"a":{"a":0,"k":[0,0],"ix":1},"s":{"a":0,"k":[100,100],"ix":3},"r":{"a":0,"k":0,"ix":6},"o":{"a":0,"k":100,"ix":7},"sk":{"a":0,"k":0,"ix":4},"sa":{"a":0,"k":0,"ix":5},"nm":"Transform"}],"nm":"Shape 1","np":2,"cix":2,"ix":1,"mn":"ADBE Vector Group"},{"ty":"st","c":{"a":0,"k":[0,0,0,1]},"o":{"a":0,"k":100},"w":{"a":0,"k":29.6},"lc":1,"lj":1,"ml":4,"nm":"Stroke 1","mn":"ADBE Vector Graphic - Stroke"}],"ip":54,"op":94,"st":-87,"bm":0,"sr":1},{"ddd":0,"ind":13,"ty":4,"nm":"VertLine","parent":1,"ks":{"o":{"a":0,"k":100},"r":{"a":0,"k":0},"p":{"a":1,"k":[{"i":{"x":0.833,"y":0.833},"o":{"x":0.167,"y":0.167},"n":"0p833_0p833_0p167_0p167","t":63,"s":[-185,50,0],"e":[-67.999,50,0],"to":[0,0,0],"ti":[0,0,0]},{"i":{"x":0.833,"y":0.833},"o":{"x":0.167,"y":0.167},"n":"0p833_0p833_0p167_0p167","t":72.311,"s":[-67.999,50,0],"e":[59.842,50,0],"to":[0,0,0],"ti":[0,0,0]},{"i":{"x":0.833,"y":0.833},"o":{"x":0.167,"y":0.167},"n":"0p833_0p833_0p167_0p167","t":82.486,"s":[59.842,50,0],"e":[191,50,0],"to":[0,0,0],"ti":[0,0,0]},{"i":{"x":0.833,"y":0.833},"o":{"x":0.167,"y":0.167},"n":"0p833_0p833_0p167_0p167","t":92.926,"s":[191,50,0],"e":[305,50,0],"to":[0,0,0],"ti":[0,0,0]},{"t":102}]},"a":{"a":0,"k":[245,-10,0]},"s":{"a":0,"k":[100,100,100]}},"ao":0,"shapes":[{"ty":"gr","it":[{"ind":0,"ty":"sh","ix":1,"ks":{"a":1,"k":[{"i":{"x":0.833,"y":0.833},"o":{"x":0.167,"y":0.167},"n":"0p833_0p833_0p167_0p167","t":63,"s":[{"i":[[19,0],[0,-221.963],[-42.043,0]],"o":[[-14,0],[0,208.037],[10.957,0]],"v":[[488.273,-262.021],[245.053,-10.059],[494.315,241.979]],"c":false}],"e":[{"i":[[12.242,-1],[0,-230.481],[-29.281,0]],"o":[[-12.242,1],[0,160.519],[15.207,0]],"v":[[357.866,-255.494],[244.938,6.988],[355.219,233.506]],"c":false}]},{"i":{"x":0.833,"y":0.833},"o":{"x":0.167,"y":0.167},"n":"0p833_0p833_0p167_0p167","t":72,"s":[{"i":[[12.242,-1],[0,-230.481],[-29.281,0]],"o":[[-12.242,1],[0,160.519],[15.207,0]],"v":[[357.866,-255.494],[244.938,6.988],[355.219,233.506]],"c":false}],"e":[{"i":[[0,0],[0,-230.481],[0,0]],"o":[[0,0],[0,163.947],[0,0]],"v":[[244.423,-263.794],[244.926,6.952],[244.697,255.942]],"c":false}]},{"i":{"x":0.833,"y":0.833},"o":{"x":0.167,"y":0.167},"n":"0p833_0p833_0p167_0p167","t":83,"s":[{"i":[[0,0],[0,-230.481],[0,0]],"o":[[0,0],[0,163.947],[0,0]],"v":[[244.423,-263.794],[244.926,6.952],[244.697,255.942]],"c":false}],"e":[{"i":[[-12.915,-1],[0,-230.481],[21.957,0]],"o":[[12.915,1],[0,166.519],[-16.043,0]],"v":[[130.002,-255.556],[244.917,6.925],[135.959,233.444]],"c":false}]},{"i":{"x":0.833,"y":0.833},"o":{"x":0.167,"y":0.167},"n":"0p833_0p833_0p167_0p167","t":93,"s":[{"i":[[-12.915,-1],[0,-230.481],[21.957,0]],"o":[[12.915,1],[0,166.519],[-16.043,0]],"v":[[130.002,-255.556],[244.917,6.925],[135.959,233.444]],"c":false}],"e":[{"i":[[-16.448,0],[0,-187.963],[36.396,0]],"o":[[12.12,0],[0,176.037],[-9.486,0]],"v":[[34.896,-257],[245,-11.037],[29.434,237]],"c":false}]},{"t":102}]},"nm":"Path 1","mn":"ADBE Vector Shape - Group"},{"ty":"tr","p":{"a":0,"k":[0,0],"ix":2},"a":{"a":0,"k":[0,0],"ix":1},"s":{"a":0,"k":[100,100],"ix":3},"r":{"a":0,"k":0,"ix":6},"o":{"a":0,"k":100,"ix":7},"sk":{"a":0,"k":0,"ix":4},"sa":{"a":0,"k":0,"ix":5},"nm":"Transform"}],"nm":"Shape 1","np":2,"cix":2,"ix":1,"mn":"ADBE Vector Group"},{"ty":"st","c":{"a":0,"k":[0,0,0,1]},"o":{"a":0,"k":100},"w":{"a":0,"k":29.6},"lc":1,"lj":1,"ml":4,"nm":"Stroke 1","mn":"ADBE Vector Graphic - Stroke"}],"ip":63,"op":103,"st":-96,"bm":0,"sr":1},{"ddd":0,"ind":14,"ty":4,"nm":"VertLine","parent":1,"ks":{"o":{"a":0,"k":100},"r":{"a":0,"k":0},"p":{"a":1,"k":[{"i":{"x":0.833,"y":0.833},"o":{"x":0.167,"y":0.167},"n":"0p833_0p833_0p167_0p167","t":72,"s":[-185,50,0],"e":[-67.999,50,0],"to":[0,0,0],"ti":[0,0,0]},{"i":{"x":0.833,"y":0.833},"o":{"x":0.167,"y":0.167},"n":"0p833_0p833_0p167_0p167","t":81.311,"s":[-67.999,50,0],"e":[59.842,50,0],"to":[0,0,0],"ti":[0,0,0]},{"i":{"x":0.833,"y":0.833},"o":{"x":0.167,"y":0.167},"n":"0p833_0p833_0p167_0p167","t":91.486,"s":[59.842,50,0],"e":[191,50,0],"to":[0,0,0],"ti":[0,0,0]},{"i":{"x":0.833,"y":0.833},"o":{"x":0.167,"y":0.167},"n":"0p833_0p833_0p167_0p167","t":101.926,"s":[191,50,0],"e":[305,50,0],"to":[0,0,0],"ti":[0,0,0]},{"i":{"x":0.833,"y":0.833},"o":{"x":0.167,"y":0.167},"n":"0p833_0p833_0p167_0p167","t":111,"s":[305,50,0],"e":[305,50,0],"to":[0,0,0],"ti":[0,0,0]},{"t":120}]},"a":{"a":0,"k":[245,-10,0]},"s":{"a":0,"k":[100,100,100]}},"ao":0,"shapes":[{"ty":"gr","it":[{"ind":0,"ty":"sh","ix":1,"ks":{"a":1,"k":[{"i":{"x":0.833,"y":0.833},"o":{"x":0.167,"y":0.167},"n":"0p833_0p833_0p167_0p167","t":72,"s":[{"i":[[19,0],[0,-221.963],[-42.043,0]],"o":[[-14,0],[0,208.037],[10.957,0]],"v":[[488.273,-262.021],[245.053,-10.059],[494.315,241.979]],"c":false}],"e":[{"i":[[12.242,-1],[0,-230.481],[-29.281,0]],"o":[[-12.242,1],[0,160.519],[15.207,0]],"v":[[357.866,-255.494],[244.938,6.988],[355.219,233.506]],"c":false}]},{"i":{"x":0.833,"y":0.833},"o":{"x":0.167,"y":0.167},"n":"0p833_0p833_0p167_0p167","t":81,"s":[{"i":[[12.242,-1],[0,-230.481],[-29.281,0]],"o":[[-12.242,1],[0,160.519],[15.207,0]],"v":[[357.866,-255.494],[244.938,6.988],[355.219,233.506]],"c":false}],"e":[{"i":[[0,0],[0,-230.481],[0,0]],"o":[[0,0],[0,163.947],[0,0]],"v":[[244.423,-263.794],[244.926,6.952],[244.697,255.942]],"c":false}]},{"i":{"x":0.833,"y":0.833},"o":{"x":0.167,"y":0.167},"n":"0p833_0p833_0p167_0p167","t":92,"s":[{"i":[[0,0],[0,-230.481],[0,0]],"o":[[0,0],[0,163.947],[0,0]],"v":[[244.423,-263.794],[244.926,6.952],[244.697,255.942]],"c":false}],"e":[{"i":[[-12.915,-1],[0,-230.481],[21.957,0]],"o":[[12.915,1],[0,166.519],[-16.043,0]],"v":[[130.002,-255.556],[244.917,6.925],[135.959,233.444]],"c":false}]},{"i":{"x":0.833,"y":0.833},"o":{"x":0.167,"y":0.167},"n":"0p833_0p833_0p167_0p167","t":102,"s":[{"i":[[-12.915,-1],[0,-230.481],[21.957,0]],"o":[[12.915,1],[0,166.519],[-16.043,0]],"v":[[130.002,-255.556],[244.917,6.925],[135.959,233.444]],"c":false}],"e":[{"i":[[-16.448,0],[0,-187.963],[36.396,0]],"o":[[12.12,0],[0,176.037],[-9.486,0]],"v":[[34.896,-257],[245,-11.037],[29.434,237]],"c":false}]},{"i":{"x":0.833,"y":0.833},"o":{"x":0.167,"y":0.167},"n":"0p833_0p833_0p167_0p167","t":111,"s":[{"i":[[-16.448,0],[0,-187.963],[36.396,0]],"o":[[12.12,0],[0,176.037],[-9.486,0]],"v":[[34.896,-257],[245,-11.037],[29.434,237]],"c":false}],"e":[{"i":[[-16.448,0],[0,-187.963],[36.396,0]],"o":[[12.12,0],[0,176.037],[-9.486,0]],"v":[[34.896,-257],[245,-11.037],[29.434,237]],"c":false}]},{"t":120}]},"nm":"Path 1","mn":"ADBE Vector Shape - Group"},{"ty":"tr","p":{"a":0,"k":[0,0],"ix":2},"a":{"a":0,"k":[0,0],"ix":1},"s":{"a":0,"k":[100,100],"ix":3},"r":{"a":0,"k":0,"ix":6},"o":{"a":0,"k":100,"ix":7},"sk":{"a":0,"k":0,"ix":4},"sa":{"a":0,"k":0,"ix":5},"nm":"Transform"}],"nm":"Shape 1","np":2,"cix":2,"ix":1,"mn":"ADBE Vector Group"},{"ty":"st","c":{"a":0,"k":[0,0,0,1]},"o":{"a":0,"k":100},"w":{"a":0,"k":29.6},"lc":1,"lj":1,"ml":4,"nm":"Stroke 1","mn":"ADBE Vector Graphic - Stroke"}],"ip":72,"op":121,"st":-105,"bm":0,"sr":1},{"ddd":0,"ind":15,"ty":4,"nm":"VertLine","parent":1,"ks":{"o":{"a":0,"k":100},"r":{"a":0,"k":0},"p":{"a":1,"k":[{"i":{"x":0.833,"y":0.833},"o":{"x":0.167,"y":0.167},"n":"0p833_0p833_0p167_0p167","t":81,"s":[-185,50,0],"e":[-67.999,50,0],"to":[0,0,0],"ti":[0,0,0]},{"i":{"x":0.833,"y":0.833},"o":{"x":0.167,"y":0.167},"n":"0p833_0p833_0p167_0p167","t":90.311,"s":[-67.999,50,0],"e":[59.842,50,0],"to":[0,0,0],"ti":[0,0,0]},{"i":{"x":0.833,"y":0.833},"o":{"x":0.167,"y":0.167},"n":"0p833_0p833_0p167_0p167","t":100.486,"s":[59.842,50,0],"e":[191,50,0],"to":[0,0,0],"ti":[0,0,0]},{"i":{"x":0.833,"y":0.833},"o":{"x":0.167,"y":0.167},"n":"0p833_0p833_0p167_0p167","t":110.926,"s":[191,50,0],"e":[305,50,0],"to":[0,0,0],"ti":[0,0,0]},{"t":120}]},"a":{"a":0,"k":[245,-10,0]},"s":{"a":0,"k":[100,100,100]}},"ao":0,"shapes":[{"ty":"gr","it":[{"ind":0,"ty":"sh","ix":1,"ks":{"a":1,"k":[{"i":{"x":0.833,"y":0.833},"o":{"x":0.167,"y":0.167},"n":"0p833_0p833_0p167_0p167","t":81,"s":[{"i":[[19,0],[0,-221.963],[-42.043,0]],"o":[[-14,0],[0,208.037],[10.957,0]],"v":[[488.273,-262.021],[245.053,-10.059],[494.315,241.979]],"c":false}],"e":[{"i":[[12.242,-1],[0,-230.481],[-29.281,0]],"o":[[-12.242,1],[0,160.519],[15.207,0]],"v":[[357.866,-255.494],[244.938,6.988],[355.219,233.506]],"c":false}]},{"i":{"x":0.833,"y":0.833},"o":{"x":0.167,"y":0.167},"n":"0p833_0p833_0p167_0p167","t":90,"s":[{"i":[[12.242,-1],[0,-230.481],[-29.281,0]],"o":[[-12.242,1],[0,160.519],[15.207,0]],"v":[[357.866,-255.494],[244.938,6.988],[355.219,233.506]],"c":false}],"e":[{"i":[[0,0],[0,-230.481],[0,0]],"o":[[0,0],[0,163.947],[0,0]],"v":[[244.423,-263.794],[244.926,6.952],[244.697,255.942]],"c":false}]},{"i":{"x":0.833,"y":0.833},"o":{"x":0.167,"y":0.167},"n":"0p833_0p833_0p167_0p167","t":101,"s":[{"i":[[0,0],[0,-230.481],[0,0]],"o":[[0,0],[0,163.947],[0,0]],"v":[[244.423,-263.794],[244.926,6.952],[244.697,255.942]],"c":false}],"e":[{"i":[[-12.915,-1],[0,-230.481],[21.957,0]],"o":[[12.915,1],[0,166.519],[-16.043,0]],"v":[[130.002,-255.556],[244.917,6.925],[135.959,233.444]],"c":false}]},{"i":{"x":0.833,"y":0.833},"o":{"x":0.167,"y":0.167},"n":"0p833_0p833_0p167_0p167","t":111,"s":[{"i":[[-12.915,-1],[0,-230.481],[21.957,0]],"o":[[12.915,1],[0,166.519],[-16.043,0]],"v":[[130.002,-255.556],[244.917,6.925],[135.959,233.444]],"c":false}],"e":[{"i":[[-16.448,0],[0,-187.963],[36.396,0]],"o":[[12.12,0],[0,176.037],[-9.486,0]],"v":[[34.896,-257],[245,-11.037],[29.434,237]],"c":false}]},{"t":120}]},"nm":"Path 1","mn":"ADBE Vector Shape - Group"},{"ty":"tr","p":{"a":0,"k":[0,0],"ix":2},"a":{"a":0,"k":[0,0],"ix":1},"s":{"a":0,"k":[100,100],"ix":3},"r":{"a":0,"k":0,"ix":6},"o":{"a":0,"k":100,"ix":7},"sk":{"a":0,"k":0,"ix":4},"sa":{"a":0,"k":0,"ix":5},"nm":"Transform"}],"nm":"Shape 1","np":2,"cix":2,"ix":1,"mn":"ADBE Vector Group"},{"ty":"st","c":{"a":0,"k":[0,0,0,1]},"o":{"a":0,"k":100},"w":{"a":0,"k":29.6},"lc":1,"lj":1,"ml":4,"nm":"Stroke 1","mn":"ADBE Vector Graphic - Stroke"}],"ip":81,"op":121,"st":-114,"bm":0,"sr":1}]}