{"v":"4.7.1","fr":60,"ip":0,"op":32,"w":150,"h":150,"nm":"LoudMute_Mute","ddd":0,"assets":[],"layers":[{"ddd":0,"ind":1,"ty":4,"nm":"Waves 4","parent":5,"ks":{"o":{"a":0,"k":100},"r":{"a":0,"k":0},"p":{"a":1,"k":[{"i":{"x":0.833,"y":0.833},"o":{"x":0.25,"y":0},"n":"0p833_0p833_0p25_0","t":1,"s":[76.303,74.511,0],"e":[56.303,74.511,0],"to":[-3.33333325386047,0,0],"ti":[3.33333325386047,0,0]},{"t":14}]},"a":{"a":0,"k":[76.303,74.511,0]},"s":{"a":1,"k":[{"i":{"x":[0.833,0.833,0.833],"y":[0.967,0.967,1]},"o":{"x":[0.25,0.25,0.25],"y":[0,0,0]},"n":["0p833_0p967_0p25_0","0p833_0p967_0p25_0","0p833_1_0p25_0"],"t":1,"s":[100,100,100],"e":[10,10,100]},{"t":14}]}},"ao":0,"shapes":[{"ty":"gr","it":[{"ind":0,"ty":"sh","ix":1,"ks":{"a":0,"k":{"i":[[0,0],[0,11.05],[8.061,8.06],[0,0],[0,-13.78],[10.531,-10.531]],"o":[[8.061,-7.931],[0,-10.92],[0,0],[10.14,10.14],[0,12.87],[0,0]],"v":[[23.401,29.836],[35.492,-0.065],[23.401,-30.096],[30.292,-36.986],[46.022,0.585],[30.681,36.986]],"c":true}},"nm":"Path 1","mn":"ADBE Vector Shape - Group"},{"ty":"mm","mm":1,"nm":"Merge Paths 1","mn":"ADBE Vector Filter - Merge"},{"ty":"fl","c":{"a":0,"k":[0,0,0,1]},"o":{"a":0,"k":100},"r":1,"nm":"Fill 1","mn":"ADBE Vector Graphic - Fill"},{"ty":"tr","p":{"a":0,"k":[76.303,74.511],"ix":2},"a":{"a":0,"k":[0,0],"ix":1},"s":{"a":0,"k":[100,100],"ix":3},"r":{"a":0,"k":0,"ix":6},"o":{"a":0,"k":100,"ix":7},"sk":{"a":0,"k":0,"ix":4},"sa":{"a":0,"k":0,"ix":5},"nm":"Transform"}],"nm":"Group 1","np":3,"cix":2,"ix":1,"mn":"ADBE Vector Group"}],"ip":0,"op":12,"st":-126,"bm":0,"sr":1},{"ddd":0,"ind":2,"ty":4,"nm":"Waves 3","parent":5,"ks":{"o":{"a":0,"k":100},"r":{"a":0,"k":0},"p":{"a":1,"k":[{"i":{"x":0.833,"y":0.833},"o":{"x":0.25,"y":0},"n":"0p833_0p833_0p25_0","t":1,"s":[76.303,74.511,0],"e":[56.303,74.511,0],"to":[-3.33333325386047,0,0],"ti":[3.33333325386047,0,0]},{"t":14}]},"a":{"a":0,"k":[76.303,74.511,0]},"s":{"a":1,"k":[{"i":{"x":[0.833,0.833,0.833],"y":[0.967,0.967,1]},"o":{"x":[0.25,0.25,0.25],"y":[0,0,0]},"n":["0p833_0p967_0p25_0","0p833_0p967_0p25_0","0p833_1_0p25_0"],"t":1,"s":[100,100,100],"e":[10,10,100]},{"t":14}]}},"ao":0,"shapes":[{"ty":"gr","it":[{"ind":0,"ty":"sh","ix":1,"ks":{"a":0,"k":{"i":[[0,0],[0,6.239],[4.42,4.551],[0,0],[0,-8.71],[7.151,-7.021]],"o":[[4.681,-4.68],[0,-6.11],[0,0],[6.37,6.501],[0,7.93],[0,0]],"v":[[8.84,16.835],[15.991,-0.585],[9.361,-17.096],[15.731,-23.466],[25.872,0.195],[15.601,23.466]],"c":true}},"nm":"Path 2","mn":"ADBE Vector Shape - Group"},{"ty":"mm","mm":1,"nm":"Merge Paths 1","mn":"ADBE Vector Filter - Merge"},{"ty":"fl","c":{"a":0,"k":[0,0,0,1]},"o":{"a":0,"k":100},"r":1,"nm":"Fill 1","mn":"ADBE Vector Graphic - Fill"},{"ty":"tr","p":{"a":0,"k":[76.303,74.511],"ix":2},"a":{"a":0,"k":[0,0],"ix":1},"s":{"a":0,"k":[100,100],"ix":3},"r":{"a":0,"k":0,"ix":6},"o":{"a":0,"k":100,"ix":7},"sk":{"a":0,"k":0,"ix":4},"sa":{"a":0,"k":0,"ix":5},"nm":"Transform"}],"nm":"Group 1","np":3,"cix":2,"ix":1,"mn":"ADBE Vector Group"}],"ip":0,"op":12,"st":-126,"bm":0,"sr":1},{"ddd":0,"ind":3,"ty":4,"nm":"StrikeOut","parent":5,"ks":{"o":{"a":0,"k":100},"r":{"a":0,"k":0},"p":{"a":0,"k":[34.642,37.517,0]},"a":{"a":0,"k":[-26.733,-37.483,0]},"s":{"a":1,"k":[{"i":{"x":[0.833,0.833,0.833],"y":[0.833,0.833,0.833]},"o":{"x":[0.167,0.167,0.167],"y":[0.167,0.167,0.167]},"n":["0p833_0p833_0p167_0p167","0p833_0p833_0p167_0p167","0p833_0p833_0p167_0p167"],"t":5,"s":[0,0,100],"e":[100,100,100]},{"t":7}]}},"ao":0,"shapes":[{"ty":"gr","it":[{"ind":0,"ty":"sh","ix":1,"ks":{"a":0,"k":{"i":[[0,0],[0,0]],"o":[[0,0],[0,0]],"v":[[-26.75,-37.5],[40.5,29.5]],"c":false}},"nm":"Path 1","mn":"ADBE Vector Shape - Group"},{"ty":"st","c":{"a":0,"k":[0,0,0,1]},"o":{"a":0,"k":100},"w":{"a":0,"k":7},"lc":2,"lj":1,"ml":4,"nm":"Stroke 1","mn":"ADBE Vector Graphic - Stroke"},{"ty":"tr","p":{"a":0,"k":[0,0],"ix":2},"a":{"a":0,"k":[0,0],"ix":1},"s":{"a":0,"k":[100,100],"ix":3},"r":{"a":0,"k":0,"ix":6},"o":{"a":0,"k":100,"ix":7},"sk":{"a":0,"k":0,"ix":4},"sa":{"a":0,"k":0,"ix":5},"nm":"Transform"}],"nm":"Shape 1","np":2,"cix":2,"ix":1,"mn":"ADBE Vector Group"},{"ty":"tm","s":{"a":1,"k":[{"i":{"x":[0.19],"y":[1]},"o":{"x":[0.328],"y":[0]},"n":["0p19_1_0p328_0"],"t":7,"s":[0],"e":[0]},{"t":30}],"ix":1},"e":{"a":1,"k":[{"i":{"x":[0.19],"y":[1]},"o":{"x":[0.328],"y":[-0.002]},"n":["0p19_1_0p328_-0p002"],"t":7,"s":[0.05],"e":[100]},{"t":30}],"ix":2},"o":{"a":0,"k":0,"ix":3},"m":1,"ix":2,"nm":"Trim Paths 1","mn":"ADBE Vector Filter - Trim"}],"ip":5,"op":32,"st":-13,"bm":0,"sr":1},{"ddd":0,"ind":4,"ty":4,"nm":"StrikeOutMatte","parent":5,"td":1,"ks":{"o":{"a":0,"k":100},"r":{"a":0,"k":0},"p":{"a":0,"k":[66.533,75,0]},"a":{"a":0,"k":[0,0,0]},"s":{"a":0,"k":[100,100,100]}},"ao":0,"shapes":[{"ty":"gr","it":[{"ind":0,"ty":"sh","ix":1,"ks":{"a":1,"k":[{"i":{"x":0,"y":1},"o":{"x":0.333,"y":0},"n":"0_1_0p333_0","t":7,"s":[{"i":[[0,0],[0,0],[-15.409,-15.602],[2.12,-1.823],[2.829,2.891],[0,0],[0,0],[0,0],[-1,0.25],[0,0]],"o":[[0,0],[0,0],[3.254,3.295],[-2.194,1.886],[-7.913,-8.089],[0,0],[0,0],[0,0],[1,-0.25],[0,0]],"v":[[12.25,-60.25],[-102.807,-117.884],[-28.583,-43.548],[-28.734,-33.862],[-37.96,-34.576],[-112.917,-109.231],[-52.75,-30.75],[-52.25,54.75],[43.5,62.75],[45.75,-58.75]],"c":true}],"e":[{"i":[[0,0],[0,0],[-15.409,-15.602],[2.12,-1.823],[2.829,2.891],[0,0],[0,0],[0,0],[-1,0.25],[0,0]],"o":[[0,0],[0,0],[3.254,3.295],[-2.194,1.886],[-7.913,-8.089],[0,0],[0,0],[0,0],[1,-0.25],[0,0]],"v":[[12.25,-60.25],[-34.407,-49.484],[39.817,24.852],[39.666,34.538],[30.44,33.824],[-44.517,-40.831],[-52.75,-30.75],[-52.25,54.75],[43.5,62.75],[45.75,-58.75]],"c":true}]},{"t":30}]},"nm":"Path 1","mn":"ADBE Vector Shape - Group"},{"ty":"fl","c":{"a":0,"k":[1,1,1,1]},"o":{"a":0,"k":100},"r":1,"nm":"Fill 1","mn":"ADBE Vector Graphic - Fill"},{"ty":"tr","p":{"a":0,"k":[0,0],"ix":2},"a":{"a":0,"k":[0,0],"ix":1},"s":{"a":0,"k":[100,100],"ix":3},"r":{"a":0,"k":0,"ix":6},"o":{"a":0,"k":100,"ix":7},"sk":{"a":0,"k":0,"ix":4},"sa":{"a":0,"k":0,"ix":5},"nm":"Transform"}],"nm":"Shape 1","np":3,"cix":2,"ix":1,"mn":"ADBE Vector Group"}],"ip":-4,"op":52,"st":-4,"bm":0,"sr":1},{"ddd":0,"ind":5,"ty":4,"nm":"Sound","tt":1,"ks":{"o":{"a":0,"k":100},"r":{"a":0,"k":0},"p":{"a":1,"k":[{"i":{"x":0.19,"y":1},"o":{"x":0.25,"y":0},"n":"0p19_1_0p25_0","t":7,"s":[76.303,74.511,0],"e":[89.928,74.511,0],"to":[2.27083325386047,0,0],"ti":[-2.27083325386047,0,0]},{"t":30}]},"a":{"a":0,"k":[76.303,74.511,0]},"s":{"a":0,"k":[100,100,100]}},"ao":0,"shapes":[{"ty":"gr","it":[{"ind":2,"ty":"sh","ix":3,"ks":{"a":0,"k":{"i":[[0,0],[0,0],[0,0],[0,0],[0,0],[0,0]],"o":[[0,0],[0,0],[0,0],[0,0],[0,0],[0,0]],"v":[[1.82,39.196],[-22.491,14.885],[-46.022,14.885],[-46.022,-14.885],[-22.491,-14.885],[1.82,-39.196]],"c":true}},"nm":"Path 3","mn":"ADBE Vector Shape - Group"},{"ty":"mm","mm":1,"nm":"Merge Paths 1","mn":"ADBE Vector Filter - Merge"},{"ty":"fl","c":{"a":0,"k":[0,0,0,1]},"o":{"a":0,"k":100},"r":1,"nm":"Fill 1","mn":"ADBE Vector Graphic - Fill"},{"ty":"tr","p":{"a":0,"k":[76.303,74.511],"ix":2},"a":{"a":0,"k":[0,0],"ix":1},"s":{"a":0,"k":[100,100],"ix":3},"r":{"a":0,"k":0,"ix":6},"o":{"a":0,"k":100,"ix":7},"sk":{"a":0,"k":0,"ix":4},"sa":{"a":0,"k":0,"ix":5},"nm":"Transform"}],"nm":"Group 1","np":5,"cix":2,"ix":1,"mn":"ADBE Vector Group"}],"ip":0,"op":32,"st":-13,"bm":0,"sr":1}]}