{"v":"4.7.1","fr":60,"ip":0,"op":84,"w":150,"h":150,"nm":"MagnifyingGlass_AnimOn","ddd":0,"assets":[],"layers":[{"ddd":0,"ind":6,"ty":4,"nm":"Streak","ks":{"o":{"a":0,"k":100},"r":{"a":0,"k":0},"p":{"a":0,"k":[8.25,4.967,0]},"a":{"a":0,"k":[-14,-51.889,0]},"s":{"a":0,"k":[100,100,100]}},"ao":0,"shapes":[{"ty":"gr","it":[{"ind":0,"ty":"sh","ix":1,"ks":{"a":0,"k":{"i":[[-41.538,-37.469],[-21.446,8.704],[-2.05,39.056]],"o":[[24.762,22.336],[22.993,-9.332],[2.05,-39.056]],"v":[[3.5,49.7],[94.196,69.44],[121.7,10.2]],"c":false}},"nm":"Path 1","mn":"ADBE Vector Shape - Group"},{"ty":"tr","p":{"a":0,"k":[0,0],"ix":2},"a":{"a":0,"k":[0,0],"ix":1},"s":{"a":0,"k":[100,100],"ix":3},"r":{"a":0,"k":0,"ix":6},"o":{"a":0,"k":100,"ix":7},"sk":{"a":0,"k":0,"ix":4},"sa":{"a":0,"k":0,"ix":5},"nm":"Transform"}],"nm":"Shape 1","np":1,"cix":2,"ix":1,"mn":"ADBE Vector Group"},{"ty":"tm","s":{"a":1,"k":[{"i":{"x":[0.833],"y":[0.967]},"o":{"x":[0.333],"y":[0]},"n":["0p833_0p967_0p333_0"],"t":48,"s":[83.1],"e":[44.1]},{"i":{"x":[0.667],"y":[1]},"o":{"x":[0.167],"y":[0.033]},"n":["0p667_1_0p167_0p033"],"t":52,"s":[44.1],"e":[10]},{"t":61}],"ix":1},"e":{"a":1,"k":[{"i":{"x":[0.833],"y":[0.967]},"o":{"x":[0.333],"y":[0]},"n":["0p833_0p967_0p333_0"],"t":48,"s":[83],"e":[68.4]},{"i":{"x":[0.667],"y":[1]},"o":{"x":[0.167],"y":[0.033]},"n":["0p667_1_0p167_0p033"],"t":52,"s":[68.4],"e":[10]},{"t":61}],"ix":2},"o":{"a":0,"k":0,"ix":3},"m":1,"ix":2,"nm":"Trim Paths 1","mn":"ADBE Vector Filter - Trim"},{"ty":"st","c":{"a":0,"k":[0,0,0,1]},"o":{"a":0,"k":100},"w":{"a":0,"k":5},"lc":2,"lj":2,"nm":"Stroke 1","mn":"ADBE Vector Graphic - Stroke"}],"ip":49,"op":64,"st":-114,"bm":0,"sr":1},{"ddd":0,"ind":7,"ty":4,"nm":"Streak","ks":{"o":{"a":0,"k":100},"r":{"a":0,"k":0},"p":{"a":0,"k":[8.25,4.967,0]},"a":{"a":0,"k":[-14,-51.889,0]},"s":{"a":0,"k":[100,100,100]}},"ao":0,"shapes":[{"ty":"gr","it":[{"ind":0,"ty":"sh","ix":1,"ks":{"a":0,"k":{"i":[[-40.612,-38.471],[-22.44,12.46],[-2.95,56.244]],"o":[[25.886,24.521],[15.312,-8.502],[2.479,-47.26]],"v":[[4.5,43.2],[94.19,59.185],[120.7,-6.6]],"c":false}},"nm":"Path 1","mn":"ADBE Vector Shape - Group"},{"ty":"tr","p":{"a":0,"k":[0,0],"ix":2},"a":{"a":0,"k":[0,0],"ix":1},"s":{"a":0,"k":[100,100],"ix":3},"r":{"a":0,"k":0,"ix":6},"o":{"a":0,"k":100,"ix":7},"sk":{"a":0,"k":0,"ix":4},"sa":{"a":0,"k":0,"ix":5},"nm":"Transform"}],"nm":"Shape 1","np":1,"cix":2,"ix":1,"mn":"ADBE Vector Group"},{"ty":"tm","s":{"a":1,"k":[{"i":{"x":[0.833],"y":[0.967]},"o":{"x":[0.333],"y":[0]},"n":["0p833_0p967_0p333_0"],"t":48,"s":[83.1],"e":[44.1]},{"i":{"x":[0.667],"y":[1]},"o":{"x":[0.167],"y":[0.033]},"n":["0p667_1_0p167_0p033"],"t":52,"s":[44.1],"e":[10]},{"t":61}],"ix":1},"e":{"a":1,"k":[{"i":{"x":[0.833],"y":[0.967]},"o":{"x":[0.333],"y":[0]},"n":["0p833_0p967_0p333_0"],"t":48,"s":[83],"e":[68.4]},{"i":{"x":[0.667],"y":[1]},"o":{"x":[0.167],"y":[0.033]},"n":["0p667_1_0p167_0p033"],"t":52,"s":[68.4],"e":[10]},{"t":61}],"ix":2},"o":{"a":0,"k":0,"ix":3},"m":1,"ix":2,"nm":"Trim Paths 1","mn":"ADBE Vector Filter - Trim"},{"ty":"st","c":{"a":0,"k":[0,0,0,1]},"o":{"a":0,"k":100},"w":{"a":0,"k":5},"lc":2,"lj":2,"nm":"Stroke 1","mn":"ADBE Vector Graphic - Stroke"}],"ip":49,"op":63,"st":-114,"bm":0,"sr":1},{"ddd":0,"ind":8,"ty":4,"nm":"Dot","ks":{"o":{"a":0,"k":100},"r":{"a":0,"k":0},"p":{"a":1,"k":[{"i":{"x":0.1,"y":1},"o":{"x":0.333,"y":0},"n":"0p1_1_0p333_0","t":0,"s":[139.742,9.334,0],"e":[77.242,75.834,0],"to":[0,0,0],"ti":[0,0,0]},{"t":32}]},"a":{"a":0,"k":[84.242,60.334,0]},"s":{"a":1,"k":[{"i":{"x":[0.833,0.833,0.833],"y":[0.967,0.967,0.412]},"o":{"x":[0.333,0.333,0.333],"y":[0,0,0]},"n":["0p833_0p967_0p333_0","0p833_0p967_0p333_0","0p833_0p412_0p333_0"],"t":0,"s":[0,0,100],"e":[30,30,100]},{"t":4}]}},"ao":0,"shapes":[{"ty":"gr","it":[{"ind":0,"ty":"sh","ix":1,"ks":{"a":0,"k":{"i":[[-4.55,0.391],[0.91,9.88],[9.36,-0.91],[-0.779,-9.491],[-3.77,-3.12]],"o":[[9.49,-0.909],[-0.78,-9.49],[-9.75,0.78],[0.391,4.679],[3.9,3.12]],"v":[[10.661,5.2],[26.65,-14.301],[7.54,-30.29],[-8.711,-11.18],[-2.47,1.041]],"c":true}},"nm":"Path 1","mn":"ADBE Vector Shape - Group"},{"ty":"fl","c":{"a":0,"k":[0,0,0,1]},"o":{"a":0,"k":100},"r":1,"nm":"Fill 1","mn":"ADBE Vector Graphic - Fill"},{"ty":"tr","p":{"a":0,"k":[75.262,72.885],"ix":2},"a":{"a":0,"k":[0,0],"ix":1},"s":{"a":0,"k":[100,100],"ix":3},"r":{"a":0,"k":0,"ix":6},"o":{"a":0,"k":100,"ix":7},"sk":{"a":0,"k":0,"ix":4},"sa":{"a":0,"k":0,"ix":5},"nm":"Transform"}],"nm":"Group 1","np":4,"cix":2,"ix":1,"mn":"ADBE Vector Group"},{"ty":"tm","s":{"a":0,"k":0,"ix":1},"e":{"a":0,"k":100,"ix":2},"o":{"a":0,"k":-50,"ix":3},"m":1,"ix":2,"nm":"Trim Paths 1","mn":"ADBE Vector Filter - Trim"}],"ip":0,"op":16,"st":0,"bm":0,"sr":1},{"ddd":0,"ind":9,"ty":4,"nm":"Dot","parent":13,"ks":{"o":{"a":0,"k":100},"r":{"a":0,"k":-120},"p":{"a":1,"k":[{"i":{"x":0.1,"y":1},"o":{"x":0.333,"y":0},"n":"0p1_1_0p333_0","t":0,"s":[44.932,51.096,0],"e":[84.242,60.334,0],"to":[0,0,0],"ti":[0,0,0]},{"t":32}]},"a":{"a":0,"k":[84.242,60.334,0]},"s":{"a":1,"k":[{"i":{"x":[0.833,0.833,0.833],"y":[0.967,0.967,1]},"o":{"x":[0.167,0.167,0.167],"y":[0.033,0.033,-2.389]},"n":["0p833_0p967_0p167_0p033","0p833_0p967_0p167_0p033","0p833_1_0p167_-2p389"],"t":44,"s":[71.681,71.681,100],"e":[0,0,100]},{"t":58}]}},"ao":0,"shapes":[{"ty":"gr","it":[{"ind":0,"ty":"sh","ix":1,"ks":{"a":0,"k":{"i":[[-4.55,0.391],[0.91,9.88],[9.36,-0.91],[-0.779,-9.491],[-3.77,-3.12]],"o":[[9.49,-0.909],[-0.78,-9.49],[-9.75,0.78],[0.391,4.679],[3.9,3.12]],"v":[[10.661,5.2],[26.65,-14.301],[7.54,-30.29],[-8.711,-11.18],[-2.47,1.041]],"c":true}},"nm":"Path 1","mn":"ADBE Vector Shape - Group"},{"ty":"fl","c":{"a":0,"k":[0,0,0,1]},"o":{"a":0,"k":100},"r":1,"nm":"Fill 1","mn":"ADBE Vector Graphic - Fill"},{"ty":"tr","p":{"a":0,"k":[75.262,72.885],"ix":2},"a":{"a":0,"k":[0,0],"ix":1},"s":{"a":0,"k":[100,100],"ix":3},"r":{"a":0,"k":0,"ix":6},"o":{"a":0,"k":100,"ix":7},"sk":{"a":0,"k":0,"ix":4},"sa":{"a":0,"k":0,"ix":5},"nm":"Transform"}],"nm":"Group 1","np":4,"cix":2,"ix":1,"mn":"ADBE Vector Group"},{"ty":"tm","s":{"a":0,"k":0,"ix":1},"e":{"a":0,"k":100,"ix":2},"o":{"a":0,"k":-50,"ix":3},"m":1,"ix":2,"nm":"Trim Paths 1","mn":"ADBE Vector Filter - Trim"}],"ip":44,"op":84,"st":0,"bm":0,"sr":1},{"ddd":0,"ind":10,"ty":4,"nm":"Matte","parent":13,"td":1,"ks":{"o":{"a":0,"k":100},"r":{"a":0,"k":0},"p":{"a":0,"k":[84.242,60.334,0]},"a":{"a":0,"k":[84.242,60.334,0]},"s":{"a":0,"k":[100,100,100]}},"ao":0,"shapes":[{"ty":"gr","it":[{"ind":0,"ty":"sh","ix":1,"ks":{"a":0,"k":{"i":[[-5.975,0.513],[1.195,12.974],[12.291,-1.195],[-1.041,-12.462],[-4.951,-4.097]],"o":[[12.462,-1.194],[-1.024,-12.462],[-12.803,1.024],[0.513,6.144],[5.121,4.097]],"v":[[11.17,10.838],[32.168,-14.769],[7.073,-35.767],[-14.268,-10.67],[-6.072,5.377]],"c":true}},"nm":"Path 1","mn":"ADBE Vector Shape - Group"},{"ty":"fl","c":{"a":0,"k":[0,0,0,1]},"o":{"a":0,"k":100},"r":1,"nm":"Fill 1","mn":"ADBE Vector Graphic - Fill"},{"ty":"tr","p":{"a":0,"k":[75.262,72.885],"ix":2},"a":{"a":0,"k":[0,0],"ix":1},"s":{"a":0,"k":[100,100],"ix":3},"r":{"a":0,"k":0,"ix":6},"o":{"a":0,"k":100,"ix":7},"sk":{"a":0,"k":0,"ix":4},"sa":{"a":0,"k":0,"ix":5},"nm":"Transform"}],"nm":"Group 1","np":3,"cix":2,"ix":1,"mn":"ADBE Vector Group"}],"ip":0,"op":44,"st":0,"bm":0,"sr":1},{"ddd":0,"ind":11,"ty":4,"nm":"Dot","tt":1,"ks":{"o":{"a":0,"k":100},"r":{"a":0,"k":0},"p":{"a":1,"k":[{"i":{"x":0.1,"y":1},"o":{"x":0.333,"y":0},"n":"0p1_1_0p333_0","t":4,"s":[139.742,9.334,0],"e":[77.242,75.834,0],"to":[0,0,0],"ti":[0,0,0]},{"t":32}]},"a":{"a":0,"k":[84.242,60.334,0]},"s":{"a":0,"k":[162,162,100]}},"ao":0,"shapes":[{"ty":"gr","it":[{"ind":0,"ty":"sh","ix":1,"ks":{"a":0,"k":{"i":[[-4.55,0.391],[0.91,9.88],[9.36,-0.91],[-0.779,-9.491],[-3.77,-3.12]],"o":[[9.49,-0.909],[-0.78,-9.49],[-9.75,0.78],[0.391,4.679],[3.9,3.12]],"v":[[10.661,5.2],[26.65,-14.301],[7.54,-30.29],[-8.711,-11.18],[-2.47,1.041]],"c":true}},"nm":"Path 1","mn":"ADBE Vector Shape - Group"},{"ty":"fl","c":{"a":0,"k":[0,0,0,1]},"o":{"a":0,"k":100},"r":1,"nm":"Fill 1","mn":"ADBE Vector Graphic - Fill"},{"ty":"tr","p":{"a":0,"k":[75.262,72.885],"ix":2},"a":{"a":0,"k":[0,0],"ix":1},"s":{"a":0,"k":[100,100],"ix":3},"r":{"a":0,"k":0,"ix":6},"o":{"a":0,"k":100,"ix":7},"sk":{"a":0,"k":0,"ix":4},"sa":{"a":0,"k":0,"ix":5},"nm":"Transform"}],"nm":"Group 1","np":4,"cix":2,"ix":1,"mn":"ADBE Vector Group"},{"ty":"tm","s":{"a":0,"k":0,"ix":1},"e":{"a":0,"k":100,"ix":2},"o":{"a":0,"k":-50,"ix":3},"m":1,"ix":2,"nm":"Trim Paths 1","mn":"ADBE Vector Filter - Trim"}],"ip":0,"op":44,"st":0,"bm":0,"sr":1},{"ddd":0,"ind":12,"ty":4,"nm":"Handle","parent":13,"ks":{"o":{"a":0,"k":100},"r":{"a":0,"k":0},"p":{"a":0,"k":[69.323,77.987,0]},"a":{"a":0,"k":[69.323,77.987,0]},"s":{"a":1,"k":[{"i":{"x":[0.1,0.1,0.1],"y":[1,1,1]},"o":{"x":[0.333,0.333,0.333],"y":[0,0,0]},"n":["0p1_1_0p333_0","0p1_1_0p333_0","0p1_1_0p333_0"],"t":44,"s":[0,0,100],"e":[100,100,100]},{"t":63}]}},"ao":0,"shapes":[{"ty":"gr","it":[{"ind":0,"ty":"sh","ix":1,"ks":{"a":0,"k":{"i":[[3.442,-7.412],[0,0],[0,0],[1.69,-0.13],[0.389,4.031],[-1.04,1.299],[0,0],[0,0]],"o":[[0,0],[0,0],[-1.17,1.431],[-4.16,0.39],[-0.131,-1.689],[0,0],[0,0],[5.523,-4.101]],"v":[[-7.799,11.051],[-11.96,24.441],[-25.351,40.43],[-29.9,42.382],[-38.351,35.23],[-37.18,30.422],[-23.921,14.43],[-11.309,7.93]],"c":true}},"nm":"Path 2","mn":"ADBE Vector Shape - Group"},{"ty":"fl","c":{"a":0,"k":[0,0,0,1]},"o":{"a":0,"k":100},"r":1,"nm":"Fill 1","mn":"ADBE Vector Graphic - Fill"},{"ty":"tr","p":{"a":0,"k":[75.262,72.885],"ix":2},"a":{"a":0,"k":[0,0],"ix":1},"s":{"a":0,"k":[100,100],"ix":3},"r":{"a":0,"k":0,"ix":6},"o":{"a":0,"k":100,"ix":7},"sk":{"a":0,"k":0,"ix":4},"sa":{"a":0,"k":0,"ix":5},"nm":"Transform"}],"nm":"Group 1","np":3,"cix":2,"ix":1,"mn":"ADBE Vector Group"},{"ty":"tm","s":{"a":0,"k":0,"ix":1},"e":{"a":0,"k":100,"ix":2},"o":{"a":0,"k":-50,"ix":3},"m":1,"ix":2,"nm":"Trim Paths 1","mn":"ADBE Vector Filter - Trim"}],"ip":0,"op":84,"st":0,"bm":0,"sr":1},{"ddd":0,"ind":13,"ty":4,"nm":"MagnifyingGlass","ks":{"o":{"a":0,"k":100},"r":{"a":1,"k":[{"i":{"x":[0.1],"y":[1]},"o":{"x":[0.167],"y":[0]},"n":["0p1_1_0p167_0"],"t":44,"s":[-240],"e":[13.3]},{"i":{"x":[0.562],"y":[1]},"o":{"x":[0.189],"y":[0]},"n":["0p562_1_0p189_0"],"t":63,"s":[13.3],"e":[0]},{"t":82}]},"p":{"a":1,"k":[{"i":{"x":0.1,"y":1},"o":{"x":0.333,"y":0},"n":"0p1_1_0p333_0","t":0,"s":[6.242,143.834,0],"e":[77.242,75.834,0],"to":[0,0,0],"ti":[0,0,0]},{"i":{"x":0.667,"y":0.667},"o":{"x":0.333,"y":0.333},"n":"0p667_0p667_0p333_0p333","t":32,"s":[77.242,75.834,0],"e":[77.242,75.834,0],"to":[0,0,0],"ti":[0,0,0]},{"i":{"x":0.1,"y":1},"o":{"x":0.333,"y":0},"n":"0p1_1_0p333_0","t":44,"s":[77.242,75.834,0],"e":[84.242,60.334,0],"to":[0,0,0],"ti":[0,0,0]},{"t":63}]},"a":{"a":0,"k":[84.242,60.334,0]},"s":{"a":1,"k":[{"i":{"x":[0.1,0.1,0.1],"y":[1,1,1]},"o":{"x":[0.333,0.333,0.333],"y":[0,0,0]},"n":["0p1_1_0p333_0","0p1_1_0p333_0","0p1_1_0p333_0"],"t":0,"s":[0,0,100],"e":[226,226,100]},{"i":{"x":[0.667,0.667,0.667],"y":[1,1,1]},"o":{"x":[0.333,0.333,0.333],"y":[0,0,0]},"n":["0p667_1_0p333_0","0p667_1_0p333_0","0p667_1_0p333_0"],"t":32,"s":[226,226,100],"e":[226,226,100]},{"i":{"x":[0.1,0.1,0.1],"y":[1,1,1]},"o":{"x":[0.333,0.333,0.333],"y":[0,0,0]},"n":["0p1_1_0p333_0","0p1_1_0p333_0","0p1_1_0p333_0"],"t":44,"s":[226,226,100],"e":[100,100,100]},{"t":63}]}},"ao":0,"shapes":[{"ty":"gr","it":[{"ind":0,"ty":"sh","ix":1,"ks":{"a":0,"k":{"i":[[-5.975,0.513],[1.195,12.974],[12.291,-1.195],[-1.041,-12.462],[-4.951,-4.097]],"o":[[12.462,-1.194],[-1.024,-12.462],[-12.803,1.024],[0.513,6.144],[5.121,4.097]],"v":[[11.17,10.838],[32.168,-14.769],[7.073,-35.767],[-14.268,-10.67],[-6.072,5.377]],"c":true}},"nm":"Path 1","mn":"ADBE Vector Shape - Group"},{"ty":"tr","p":{"a":0,"k":[75.262,72.885],"ix":2},"a":{"a":0,"k":[0,0],"ix":1},"s":{"a":0,"k":[100,100],"ix":3},"r":{"a":0,"k":0,"ix":6},"o":{"a":0,"k":100,"ix":7},"sk":{"a":0,"k":0,"ix":4},"sa":{"a":0,"k":0,"ix":5},"nm":"Transform"}],"nm":"Group 1","np":1,"cix":2,"ix":1,"mn":"ADBE Vector Group"},{"ty":"st","c":{"a":0,"k":[0,0,0,1]},"o":{"a":0,"k":100},"w":{"a":1,"k":[{"i":{"x":[0.1],"y":[1]},"o":{"x":[0.333],"y":[0]},"n":["0p1_1_0p333_0"],"t":44,"s":[7],"e":[12]},{"t":63}]},"lc":1,"lj":1,"ml":4,"nm":"Stroke 1","mn":"ADBE Vector Graphic - Stroke"}],"ip":0,"op":84,"st":0,"bm":0,"sr":1}]}