{"v":"4.7.1","fr":60,"ip":0,"op":82,"w":150,"h":150,"nm":"Maximize_AnimOn","ddd":0,"assets":[],"layers":[{"ddd":0,"ind":1,"ty":3,"nm":"Controller","ks":{"o":{"a":0,"k":0},"r":{"a":0,"k":45},"p":{"a":0,"k":[75,75,0]},"a":{"a":0,"k":[60,60,0]},"s":{"a":0,"k":[100,100,100]}},"ao":0,"ip":0,"op":82,"st":0,"bm":0,"sr":1},{"ddd":0,"ind":2,"ty":4,"nm":"Down","parent":1,"ks":{"o":{"a":0,"k":100},"r":{"a":0,"k":0},"p":{"a":1,"k":[{"i":{"x":0.763,"y":0.981},"o":{"x":0.167,"y":0.167},"n":"0p763_0p981_0p167_0p167","t":19,"s":[55.62,54.412,0],"e":[106.205,104.997,0],"to":[8.43088817596436,8.43088817596436,0],"ti":[-6.89882373809814,-6.89882373809814,0]},{"i":{"x":0.667,"y":1},"o":{"x":0.306,"y":0.123},"n":"0p667_1_0p306_0p123","t":33,"s":[106.205,104.997,0],"e":[97.012,95.805,0],"to":[6.89882373809814,6.89882373809814,0],"ti":[1.17851126194,1.17851126194,0]},{"i":{"x":0.667,"y":1},"o":{"x":0.333,"y":0},"n":"0p667_1_0p333_0","t":52,"s":[97.012,95.805,0],"e":[99.134,97.926,0],"to":[-1.17851126194,-1.17851126194,0],"ti":[-0.35355338454247,-0.35355338454247,0]},{"t":73}]},"a":{"a":0,"k":[114.134,112.926,0]},"s":{"a":1,"k":[{"i":{"x":[0.286,0.286,0.667],"y":[1,1,1]},"o":{"x":[0.333,0.333,0.333],"y":[0,0,0]},"n":["0p286_1_0p333_0","0p286_1_0p333_0","0p667_1_0p333_0"],"t":19,"s":[0,0,100],"e":[100,100,100]},{"t":33}]}},"ao":0,"shapes":[{"ty":"gr","it":[{"ind":0,"ty":"sh","ix":1,"ks":{"a":0,"k":{"i":[[0,0],[0,0],[0,0],[0,0],[0,0],[0,0],[0,0]],"o":[[0,0],[0,0],[0,0],[0,0],[0,0],[0,0],[0,0]],"v":[[39.457,12.74],[39.457,39.391],[12.676,39.391],[21.907,30.161],[7.215,15.73],[15.536,7.28],[30.228,21.97]],"c":true}},"nm":"Path 1","mn":"ADBE Vector Shape - Group"},{"ty":"fl","c":{"a":0,"k":[0,0,0,1]},"o":{"a":0,"k":100},"r":1,"nm":"Fill 1","mn":"ADBE Vector Graphic - Fill"},{"ty":"tr","p":{"a":0,"k":[74.677,73.535],"ix":2},"a":{"a":0,"k":[0,0],"ix":1},"s":{"a":0,"k":[100,100],"ix":3},"r":{"a":0,"k":0,"ix":6},"o":{"a":0,"k":100,"ix":7},"sk":{"a":0,"k":0,"ix":4},"sa":{"a":0,"k":0,"ix":5},"nm":"Transform"}],"nm":"Group 1","np":2,"cix":2,"ix":1,"mn":"ADBE Vector Group"}],"ip":0,"op":82,"st":0,"bm":0,"sr":1},{"ddd":0,"ind":3,"ty":4,"nm":"Right","parent":1,"ks":{"o":{"a":0,"k":100},"r":{"a":0,"k":0},"p":{"a":1,"k":[{"i":{"x":0.763,"y":0.981},"o":{"x":0.167,"y":0.167},"n":"0p763_0p981_0p167_0p167","t":19,"s":[55.62,62.659,0],"e":[106.205,12.073,0],"to":[8.43088817596436,-8.43088817596436,0],"ti":[-6.89882373809814,6.89882373809814,0]},{"i":{"x":0.667,"y":1},"o":{"x":0.306,"y":0.123},"n":"0p667_1_0p306_0p123","t":33,"s":[106.205,12.073,0],"e":[97.012,21.266,0],"to":[6.89882373809814,-6.89882373809814,0],"ti":[1.17851126194,-1.17851126194,0]},{"i":{"x":0.667,"y":1},"o":{"x":0.333,"y":0},"n":"0p667_1_0p333_0","t":52,"s":[97.012,21.266,0],"e":[99.134,19.144,0],"to":[-1.17851126194,1.17851126194,0],"ti":[-0.35355338454247,0.35355338454247,0]},{"t":73}]},"a":{"a":0,"k":[114.134,34.144,0]},"s":{"a":1,"k":[{"i":{"x":[0.286,0.286,0.667],"y":[1,1,1]},"o":{"x":[0.333,0.333,0.333],"y":[0,0,0]},"n":["0p286_1_0p333_0","0p286_1_0p333_0","0p667_1_0p333_0"],"t":19,"s":[0,0,100],"e":[100,100,100]},{"t":33}]}},"ao":0,"shapes":[{"ty":"gr","it":[{"ind":0,"ty":"sh","ix":1,"ks":{"a":0,"k":{"i":[[0,0],[0,0],[0,0],[0,0],[0,0],[0,0],[0,0]],"o":[[0,0],[0,0],[0,0],[0,0],[0,0],[0,0],[0,0]],"v":[[7.215,-15.47],[21.907,-30.161],[12.676,-39.391],[39.457,-39.391],[39.457,-12.61],[30.228,-21.841],[15.536,-7.28]],"c":true}},"nm":"Path 2","mn":"ADBE Vector Shape - Group"},{"ty":"fl","c":{"a":0,"k":[0,0,0,1]},"o":{"a":0,"k":100},"r":1,"nm":"Fill 1","mn":"ADBE Vector Graphic - Fill"},{"ty":"tr","p":{"a":0,"k":[74.677,73.535],"ix":2},"a":{"a":0,"k":[0,0],"ix":1},"s":{"a":0,"k":[100,100],"ix":3},"r":{"a":0,"k":0,"ix":6},"o":{"a":0,"k":100,"ix":7},"sk":{"a":0,"k":0,"ix":4},"sa":{"a":0,"k":0,"ix":5},"nm":"Transform"}],"nm":"Group 1","np":2,"cix":2,"ix":1,"mn":"ADBE Vector Group"}],"ip":0,"op":82,"st":0,"bm":0,"sr":1},{"ddd":0,"ind":4,"ty":4,"nm":"Left","parent":1,"ks":{"o":{"a":0,"k":100},"r":{"a":0,"k":0},"p":{"a":1,"k":[{"i":{"x":0.763,"y":0.981},"o":{"x":0.167,"y":0.167},"n":"0p763_0p981_0p167_0p167","t":19,"s":[63.735,54.412,0],"e":[13.15,104.997,0],"to":[-8.43088817596436,8.43088817596436,0],"ti":[6.89882373809814,-6.89882373809814,0]},{"i":{"x":0.667,"y":1},"o":{"x":0.306,"y":0.123},"n":"0p667_1_0p306_0p123","t":33,"s":[13.15,104.997,0],"e":[22.342,95.805,0],"to":[-6.89882373809814,6.89882373809814,0],"ti":[-1.17851126194,1.17851126194,0]},{"i":{"x":0.667,"y":1},"o":{"x":0.333,"y":0},"n":"0p667_1_0p333_0","t":52,"s":[22.342,95.805,0],"e":[20.221,97.926,0],"to":[1.17851126194,-1.17851126194,0],"ti":[0.35355338454247,-0.35355338454247,0]},{"t":73}]},"a":{"a":0,"k":[35.221,112.926,0]},"s":{"a":1,"k":[{"i":{"x":[0.286,0.286,0.667],"y":[1,1,1]},"o":{"x":[0.333,0.333,0.333],"y":[0,0,0]},"n":["0p286_1_0p333_0","0p286_1_0p333_0","0p667_1_0p333_0"],"t":19,"s":[0,0,100],"e":[100,100,100]},{"t":33}]}},"ao":0,"shapes":[{"ty":"gr","it":[{"ind":0,"ty":"sh","ix":1,"ks":{"a":0,"k":{"i":[[0,0],[0,0],[0,0],[0,0],[0,0],[0,0],[0,0]],"o":[[0,0],[0,0],[0,0],[0,0],[0,0],[0,0],[0,0]],"v":[[-7.215,15.73],[-21.906,30.161],[-12.675,39.391],[-39.456,39.391],[-39.456,12.74],[-30.227,21.97],[-15.665,7.28]],"c":true}},"nm":"Path 3","mn":"ADBE Vector Shape - Group"},{"ty":"fl","c":{"a":0,"k":[0,0,0,1]},"o":{"a":0,"k":100},"r":1,"nm":"Fill 1","mn":"ADBE Vector Graphic - Fill"},{"ty":"tr","p":{"a":0,"k":[74.677,73.535],"ix":2},"a":{"a":0,"k":[0,0],"ix":1},"s":{"a":0,"k":[100,100],"ix":3},"r":{"a":0,"k":0,"ix":6},"o":{"a":0,"k":100,"ix":7},"sk":{"a":0,"k":0,"ix":4},"sa":{"a":0,"k":0,"ix":5},"nm":"Transform"}],"nm":"Group 1","np":2,"cix":2,"ix":1,"mn":"ADBE Vector Group"}],"ip":0,"op":82,"st":0,"bm":0,"sr":1},{"ddd":0,"ind":5,"ty":4,"nm":"Up","parent":1,"ks":{"o":{"a":0,"k":100},"r":{"a":0,"k":0},"p":{"a":1,"k":[{"i":{"x":0.763,"y":0.981},"o":{"x":0.167,"y":0.167},"n":"0p763_0p981_0p167_0p167","t":19,"s":[63.735,62.659,0],"e":[13.15,12.073,0],"to":[-8.43088817596436,-8.43088817596436,0],"ti":[6.89882373809814,6.89882373809814,0]},{"i":{"x":0.667,"y":1},"o":{"x":0.306,"y":0.123},"n":"0p667_1_0p306_0p123","t":33,"s":[13.15,12.073,0],"e":[22.342,21.266,0],"to":[-6.89882373809814,-6.89882373809814,0],"ti":[-1.17851126194,-1.17851126194,0]},{"i":{"x":0.667,"y":1},"o":{"x":0.333,"y":0},"n":"0p667_1_0p333_0","t":52,"s":[22.342,21.266,0],"e":[20.221,19.144,0],"to":[1.17851126194,1.17851126194,0],"ti":[0.35355338454247,0.35355338454247,0]},{"t":73}]},"a":{"a":0,"k":[35.221,34.144,0]},"s":{"a":1,"k":[{"i":{"x":[0.286,0.286,0.667],"y":[1,1,1]},"o":{"x":[0.333,0.333,0.333],"y":[0,0,0]},"n":["0p286_1_0p333_0","0p286_1_0p333_0","0p667_1_0p333_0"],"t":19,"s":[0,0,100],"e":[100,100,100]},{"t":33}]}},"ao":0,"shapes":[{"ty":"gr","it":[{"ind":0,"ty":"sh","ix":1,"ks":{"a":0,"k":{"i":[[0,0],[0,0],[0,0],[0,0],[0,0],[0,0],[0,0]],"o":[[0,0],[0,0],[0,0],[0,0],[0,0],[0,0],[0,0]],"v":[[-30.227,-22.1],[-39.456,-12.61],[-39.456,-39.391],[-12.675,-39.391],[-21.906,-30.161],[-7.215,-15.47],[-15.665,-7.28]],"c":true}},"nm":"Path 4","mn":"ADBE Vector Shape - Group"},{"ty":"fl","c":{"a":0,"k":[0,0,0,1]},"o":{"a":0,"k":100},"r":1,"nm":"Fill 1","mn":"ADBE Vector Graphic - Fill"},{"ty":"tr","p":{"a":0,"k":[74.677,73.535],"ix":2},"a":{"a":0,"k":[0,0],"ix":1},"s":{"a":0,"k":[100,100],"ix":3},"r":{"a":0,"k":0,"ix":6},"o":{"a":0,"k":100,"ix":7},"sk":{"a":0,"k":0,"ix":4},"sa":{"a":0,"k":0,"ix":5},"nm":"Transform"}],"nm":"Group 1","np":2,"cix":2,"ix":1,"mn":"ADBE Vector Group"}],"ip":0,"op":82,"st":0,"bm":0,"sr":1}]}