{"v":"4.7.1","fr":60,"ip":0,"op":33,"w":150,"h":150,"nm":"Maximize_AnimOff","ddd":0,"assets":[],"layers":[{"ddd":0,"ind":1,"ty":3,"nm":"Controller","ks":{"o":{"a":0,"k":0},"r":{"a":0,"k":45},"p":{"a":0,"k":[75,75,0]},"a":{"a":0,"k":[60,60,0]},"s":{"a":0,"k":[100,100,100]}},"ao":0,"ip":0,"op":33,"st":-144,"bm":0,"sr":1},{"ddd":0,"ind":2,"ty":4,"nm":"Down","parent":1,"ks":{"o":{"a":0,"k":100},"r":{"a":0,"k":0},"p":{"a":1,"k":[{"i":{"x":0.4,"y":1},"o":{"x":0.333,"y":0},"n":"0p4_1_0p333_0","t":4,"s":[99.134,97.926,0],"e":[95.598,94.391,0],"to":[-0.58925563097,-0.58925563097,0],"ti":[-1.17851126194,-1.17851126194,0]},{"i":{"x":0.667,"y":1},"o":{"x":0.6,"y":0},"n":"0p667_1_0p6_0","t":10,"s":[95.598,94.391,0],"e":[106.205,104.997,0],"to":[1.17851126194,1.17851126194,0],"ti":[-1.76776695251465,-1.76776695251465,0]},{"t":20}]},"a":{"a":0,"k":[114.134,112.926,0]},"s":{"a":1,"k":[{"i":{"x":[0.833,0.833,0.833],"y":[1,1,1]},"o":{"x":[0.167,0.167,0.167],"y":[0,0,0]},"n":["0p833_1_0p167_0","0p833_1_0p167_0","0p833_1_0p167_0"],"t":20,"s":[100,100,100],"e":[0,0,100]},{"t":26}]}},"ao":0,"shapes":[{"ty":"gr","it":[{"ind":0,"ty":"sh","ix":1,"ks":{"a":0,"k":{"i":[[0,0],[0,0],[0,0],[0,0],[0,0],[0,0],[0,0]],"o":[[0,0],[0,0],[0,0],[0,0],[0,0],[0,0],[0,0]],"v":[[39.457,12.74],[39.457,39.391],[12.676,39.391],[21.907,30.161],[7.215,15.73],[15.536,7.28],[30.228,21.97]],"c":true}},"nm":"Path 1","mn":"ADBE Vector Shape - Group"},{"ty":"fl","c":{"a":0,"k":[0,0,0,1]},"o":{"a":0,"k":100},"r":1,"nm":"Fill 1","mn":"ADBE Vector Graphic - Fill"},{"ty":"tr","p":{"a":0,"k":[74.677,73.535],"ix":2},"a":{"a":0,"k":[0,0],"ix":1},"s":{"a":0,"k":[100,100],"ix":3},"r":{"a":0,"k":0,"ix":6},"o":{"a":0,"k":100,"ix":7},"sk":{"a":0,"k":0,"ix":4},"sa":{"a":0,"k":0,"ix":5},"nm":"Transform"}],"nm":"Group 1","np":2,"cix":2,"ix":1,"mn":"ADBE Vector Group"}],"ip":0,"op":33,"st":-144,"bm":0,"sr":1},{"ddd":0,"ind":3,"ty":4,"nm":"Right","parent":1,"ks":{"o":{"a":0,"k":100},"r":{"a":0,"k":0},"p":{"a":1,"k":[{"i":{"x":0.4,"y":1},"o":{"x":0.333,"y":0},"n":"0p4_1_0p333_0","t":4,"s":[99.134,19.144,0],"e":[95.598,22.68,0],"to":[-0.58925563097,0.58925563097,0],"ti":[-1.17851126194,1.17851126194,0]},{"i":{"x":0.667,"y":1},"o":{"x":0.6,"y":0},"n":"0p667_1_0p6_0","t":10,"s":[95.598,22.68,0],"e":[106.205,12.073,0],"to":[1.17851126194,-1.17851126194,0],"ti":[-1.76776695251465,1.76776695251465,0]},{"t":20}]},"a":{"a":0,"k":[114.134,34.144,0]},"s":{"a":1,"k":[{"i":{"x":[0.833,0.833,0.833],"y":[1,1,1]},"o":{"x":[0.167,0.167,0.167],"y":[0,0,0]},"n":["0p833_1_0p167_0","0p833_1_0p167_0","0p833_1_0p167_0"],"t":20,"s":[100,100,100],"e":[0,0,100]},{"t":26}]}},"ao":0,"shapes":[{"ty":"gr","it":[{"ind":0,"ty":"sh","ix":1,"ks":{"a":0,"k":{"i":[[0,0],[0,0],[0,0],[0,0],[0,0],[0,0],[0,0]],"o":[[0,0],[0,0],[0,0],[0,0],[0,0],[0,0],[0,0]],"v":[[7.215,-15.47],[21.907,-30.161],[12.676,-39.391],[39.457,-39.391],[39.457,-12.61],[30.228,-21.841],[15.536,-7.28]],"c":true}},"nm":"Path 2","mn":"ADBE Vector Shape - Group"},{"ty":"fl","c":{"a":0,"k":[0,0,0,1]},"o":{"a":0,"k":100},"r":1,"nm":"Fill 1","mn":"ADBE Vector Graphic - Fill"},{"ty":"tr","p":{"a":0,"k":[74.677,73.535],"ix":2},"a":{"a":0,"k":[0,0],"ix":1},"s":{"a":0,"k":[100,100],"ix":3},"r":{"a":0,"k":0,"ix":6},"o":{"a":0,"k":100,"ix":7},"sk":{"a":0,"k":0,"ix":4},"sa":{"a":0,"k":0,"ix":5},"nm":"Transform"}],"nm":"Group 1","np":2,"cix":2,"ix":1,"mn":"ADBE Vector Group"}],"ip":0,"op":33,"st":-144,"bm":0,"sr":1},{"ddd":0,"ind":4,"ty":4,"nm":"Left","parent":1,"ks":{"o":{"a":0,"k":100},"r":{"a":0,"k":0},"p":{"a":1,"k":[{"i":{"x":0.4,"y":1},"o":{"x":0.333,"y":0},"n":"0p4_1_0p333_0","t":4,"s":[20.221,97.926,0],"e":[23.756,94.391,0],"to":[0.58925563097,-0.58925563097,0],"ti":[1.17851126194,-1.17851126194,0]},{"i":{"x":0.667,"y":1},"o":{"x":0.6,"y":0},"n":"0p667_1_0p6_0","t":10,"s":[23.756,94.391,0],"e":[13.15,104.997,0],"to":[-1.17851126194,1.17851126194,0],"ti":[1.76776695251465,-1.76776695251465,0]},{"t":20}]},"a":{"a":0,"k":[35.221,112.926,0]},"s":{"a":1,"k":[{"i":{"x":[0.833,0.833,0.833],"y":[1,1,1]},"o":{"x":[0.167,0.167,0.167],"y":[0,0,0]},"n":["0p833_1_0p167_0","0p833_1_0p167_0","0p833_1_0p167_0"],"t":20,"s":[100,100,100],"e":[0,0,100]},{"t":26}]}},"ao":0,"shapes":[{"ty":"gr","it":[{"ind":0,"ty":"sh","ix":1,"ks":{"a":0,"k":{"i":[[0,0],[0,0],[0,0],[0,0],[0,0],[0,0],[0,0]],"o":[[0,0],[0,0],[0,0],[0,0],[0,0],[0,0],[0,0]],"v":[[-7.215,15.73],[-21.906,30.161],[-12.675,39.391],[-39.456,39.391],[-39.456,12.74],[-30.227,21.97],[-15.665,7.28]],"c":true}},"nm":"Path 3","mn":"ADBE Vector Shape - Group"},{"ty":"fl","c":{"a":0,"k":[0,0,0,1]},"o":{"a":0,"k":100},"r":1,"nm":"Fill 1","mn":"ADBE Vector Graphic - Fill"},{"ty":"tr","p":{"a":0,"k":[74.677,73.535],"ix":2},"a":{"a":0,"k":[0,0],"ix":1},"s":{"a":0,"k":[100,100],"ix":3},"r":{"a":0,"k":0,"ix":6},"o":{"a":0,"k":100,"ix":7},"sk":{"a":0,"k":0,"ix":4},"sa":{"a":0,"k":0,"ix":5},"nm":"Transform"}],"nm":"Group 1","np":2,"cix":2,"ix":1,"mn":"ADBE Vector Group"}],"ip":0,"op":33,"st":-144,"bm":0,"sr":1},{"ddd":0,"ind":5,"ty":4,"nm":"Up","parent":1,"ks":{"o":{"a":0,"k":100},"r":{"a":0,"k":0},"p":{"a":1,"k":[{"i":{"x":0.4,"y":1},"o":{"x":0.333,"y":0},"n":"0p4_1_0p333_0","t":4,"s":[20.221,19.144,0],"e":[23.756,22.68,0],"to":[0.58925563097,0.58925563097,0],"ti":[1.17851126194,1.17851126194,0]},{"i":{"x":0.667,"y":1},"o":{"x":0.6,"y":0},"n":"0p667_1_0p6_0","t":10,"s":[23.756,22.68,0],"e":[13.15,12.073,0],"to":[-1.17851126194,-1.17851126194,0],"ti":[1.76776695251465,1.76776695251465,0]},{"t":20}]},"a":{"a":0,"k":[35.221,34.144,0]},"s":{"a":1,"k":[{"i":{"x":[0.833,0.833,0.833],"y":[1,1,1]},"o":{"x":[0.167,0.167,0.167],"y":[0,0,0]},"n":["0p833_1_0p167_0","0p833_1_0p167_0","0p833_1_0p167_0"],"t":20,"s":[100,100,100],"e":[0,0,100]},{"t":26}]}},"ao":0,"shapes":[{"ty":"gr","it":[{"ind":0,"ty":"sh","ix":1,"ks":{"a":0,"k":{"i":[[0,0],[0,0],[0,0],[0,0],[0,0],[0,0],[0,0]],"o":[[0,0],[0,0],[0,0],[0,0],[0,0],[0,0],[0,0]],"v":[[-30.227,-22.1],[-39.456,-12.61],[-39.456,-39.391],[-12.675,-39.391],[-21.906,-30.161],[-7.215,-15.47],[-15.665,-7.28]],"c":true}},"nm":"Path 4","mn":"ADBE Vector Shape - Group"},{"ty":"fl","c":{"a":0,"k":[0,0,0,1]},"o":{"a":0,"k":100},"r":1,"nm":"Fill 1","mn":"ADBE Vector Graphic - Fill"},{"ty":"tr","p":{"a":0,"k":[74.677,73.535],"ix":2},"a":{"a":0,"k":[0,0],"ix":1},"s":{"a":0,"k":[100,100],"ix":3},"r":{"a":0,"k":0,"ix":6},"o":{"a":0,"k":100,"ix":7},"sk":{"a":0,"k":0,"ix":4},"sa":{"a":0,"k":0,"ix":5},"nm":"Transform"}],"nm":"Group 1","np":2,"cix":2,"ix":1,"mn":"ADBE Vector Group"}],"ip":0,"op":33,"st":-144,"bm":0,"sr":1}]}