{"v":"4.7.1","fr":60,"ip":0,"op":24,"w":150,"h":150,"nm":"Minimize_AnimOff","ddd":0,"assets":[],"layers":[{"ddd":0,"ind":1,"ty":3,"nm":"Controller","ks":{"o":{"a":0,"k":0},"r":{"a":0,"k":45},"p":{"a":0,"k":[75,75,0]},"a":{"a":0,"k":[60,60,0]},"s":{"a":0,"k":[100,100,100]}},"ao":0,"ip":0,"op":24,"st":-147,"bm":0,"sr":1},{"ddd":0,"ind":2,"ty":4,"nm":"Down","parent":1,"ks":{"o":{"a":0,"k":100},"r":{"a":0,"k":0},"p":{"a":1,"k":[{"i":{"x":0.4,"y":1},"o":{"x":0.188,"y":0},"n":"0p4_1_0p188_0","t":1,"s":[68.323,66.856,0],"e":[74.216,72.748,0],"to":[-0.55348682403564,-0.55348682403564,0],"ti":[1.5713484287262,1.5713484287262,0]},{"i":{"x":0.833,"y":0.833},"o":{"x":0.6,"y":0},"n":"0p833_0p833_0p6_0","t":7,"s":[74.216,72.748,0],"e":[58.895,57.428,0],"to":[-1.5713484287262,-1.5713484287262,0],"ti":[1.01786160469055,1.01786160469055,0]},{"t":17}]},"a":{"a":0,"k":[83.323,81.856,0]},"s":{"a":1,"k":[{"i":{"x":[0.833,0.833,0.833],"y":[0.967,0.967,4]},"o":{"x":[0.182,0.182,0.182],"y":[0,0,0]},"n":["0p833_0p967_0p182_0","0p833_0p967_0p182_0","0p833_4_0p182_0"],"t":17,"s":[100,100,100],"e":[10,10,100]},{"t":23}]}},"ao":0,"shapes":[{"ty":"gr","it":[{"ind":0,"ty":"sh","ix":1,"ks":{"a":0,"k":{"i":[[0,0],[0,0],[0,0],[0,0],[0,0],[0,0],[0,0]],"o":[[0,0],[0,0],[0,0],[0,0],[0,0],[0,0],[0,0]],"v":[[8.517,34.256],[8.517,8.515],[34.258,8.515],[25.417,17.356],[39.456,31.266],[31.527,39.456],[17.357,25.285]],"c":true}},"nm":"Path 1","mn":"ADBE Vector Shape - Group"},{"ty":"fl","c":{"a":0,"k":[0,0,0,1]},"o":{"a":0,"k":100},"r":1,"nm":"Fill 1","mn":"ADBE Vector Graphic - Fill"},{"ty":"tr","p":{"a":0,"k":[74.807,73.341],"ix":2},"a":{"a":0,"k":[0,0],"ix":1},"s":{"a":0,"k":[100,100],"ix":3},"r":{"a":0,"k":0,"ix":6},"o":{"a":0,"k":100,"ix":7},"sk":{"a":0,"k":0,"ix":4},"sa":{"a":0,"k":0,"ix":5},"nm":"Transform"}],"nm":"Group 1","np":2,"cix":2,"ix":1,"mn":"ADBE Vector Group"}],"ip":0,"op":23,"st":-147,"bm":0,"sr":1},{"ddd":0,"ind":3,"ty":4,"nm":"Right","parent":1,"ks":{"o":{"a":0,"k":100},"r":{"a":0,"k":0},"p":{"a":1,"k":[{"i":{"x":0.4,"y":1},"o":{"x":0.188,"y":0},"n":"0p4_1_0p188_0","t":1,"s":[68.323,49.826,0],"e":[74.216,43.933,0],"to":[-0.55348682403564,0.55348682403564,0],"ti":[1.5713484287262,-1.5713484287262,0]},{"i":{"x":0.833,"y":0.833},"o":{"x":0.6,"y":0},"n":"0p833_0p833_0p6_0","t":7,"s":[74.216,43.933,0],"e":[58.895,59.254,0],"to":[-1.5713484287262,1.5713484287262,0],"ti":[1.01786160469055,-1.01786160469055,0]},{"t":17}]},"a":{"a":0,"k":[83.323,64.826,0]},"s":{"a":1,"k":[{"i":{"x":[0.833,0.833,0.833],"y":[0.967,0.967,4]},"o":{"x":[0.182,0.182,0.182],"y":[0,0,0]},"n":["0p833_0p967_0p182_0","0p833_0p967_0p182_0","0p833_4_0p182_0"],"t":17,"s":[100,100,100],"e":[10,10,100]},{"t":23}]}},"ao":0,"shapes":[{"ty":"gr","it":[{"ind":0,"ty":"sh","ix":1,"ks":{"a":0,"k":{"i":[[0,0],[0,0],[0,0],[0,0],[0,0],[0,0],[0,0]],"o":[[0,0],[0,0],[0,0],[0,0],[0,0],[0,0],[0,0]],"v":[[39.456,-31.526],[25.417,-17.486],[34.258,-8.515],[8.517,-8.515],[8.517,-34.256],[17.357,-25.416],[31.527,-39.456]],"c":true}},"nm":"Path 2","mn":"ADBE Vector Shape - Group"},{"ty":"fl","c":{"a":0,"k":[0,0,0,1]},"o":{"a":0,"k":100},"r":1,"nm":"Fill 1","mn":"ADBE Vector Graphic - Fill"},{"ty":"tr","p":{"a":0,"k":[74.807,73.341],"ix":2},"a":{"a":0,"k":[0,0],"ix":1},"s":{"a":0,"k":[100,100],"ix":3},"r":{"a":0,"k":0,"ix":6},"o":{"a":0,"k":100,"ix":7},"sk":{"a":0,"k":0,"ix":4},"sa":{"a":0,"k":0,"ix":5},"nm":"Transform"}],"nm":"Group 1","np":2,"cix":2,"ix":1,"mn":"ADBE Vector Group"}],"ip":0,"op":23,"st":-147,"bm":0,"sr":1},{"ddd":0,"ind":4,"ty":4,"nm":"Left","parent":1,"ks":{"o":{"a":0,"k":100},"r":{"a":0,"k":0},"p":{"a":1,"k":[{"i":{"x":0.4,"y":1},"o":{"x":0.188,"y":0},"n":"0p4_1_0p188_0","t":1,"s":[51.292,66.856,0],"e":[45.4,72.748,0],"to":[0.55358117818832,-0.55358117818832,0],"ti":[-1.5713484287262,1.5713484287262,0]},{"i":{"x":0.833,"y":0.833},"o":{"x":0.6,"y":0},"n":"0p833_0p833_0p6_0","t":7,"s":[45.4,72.748,0],"e":[60.72,57.428,0],"to":[1.5713484287262,-1.5713484287262,0],"ti":[-1.01776719093323,1.01776719093323,0]},{"t":17}]},"a":{"a":0,"k":[66.292,81.856,0]},"s":{"a":1,"k":[{"i":{"x":[0.833,0.833,0.833],"y":[0.967,0.967,4]},"o":{"x":[0.182,0.182,0.182],"y":[0,0,0]},"n":["0p833_0p967_0p182_0","0p833_0p967_0p182_0","0p833_4_0p182_0"],"t":17,"s":[100,100,100],"e":[10,10,100]},{"t":23}]}},"ao":0,"shapes":[{"ty":"gr","it":[{"ind":0,"ty":"sh","ix":1,"ks":{"a":0,"k":{"i":[[0,0],[0,0],[0,0],[0,0],[0,0],[0,0],[0,0]],"o":[[0,0],[0,0],[0,0],[0,0],[0,0],[0,0],[0,0]],"v":[[-39.456,31.266],[-25.415,17.356],[-34.255,8.515],[-8.515,8.515],[-8.515,34.256],[-17.355,25.285],[-31.395,39.456]],"c":true}},"nm":"Path 3","mn":"ADBE Vector Shape - Group"},{"ty":"fl","c":{"a":0,"k":[0,0,0,1]},"o":{"a":0,"k":100},"r":1,"nm":"Fill 1","mn":"ADBE Vector Graphic - Fill"},{"ty":"tr","p":{"a":0,"k":[74.807,73.341],"ix":2},"a":{"a":0,"k":[0,0],"ix":1},"s":{"a":0,"k":[100,100],"ix":3},"r":{"a":0,"k":0,"ix":6},"o":{"a":0,"k":100,"ix":7},"sk":{"a":0,"k":0,"ix":4},"sa":{"a":0,"k":0,"ix":5},"nm":"Transform"}],"nm":"Group 1","np":2,"cix":2,"ix":1,"mn":"ADBE Vector Group"}],"ip":0,"op":23,"st":-147,"bm":0,"sr":1},{"ddd":0,"ind":5,"ty":4,"nm":"Up","parent":1,"ks":{"o":{"a":0,"k":100},"r":{"a":0,"k":0},"p":{"a":1,"k":[{"i":{"x":0.4,"y":1},"o":{"x":0.188,"y":0},"n":"0p4_1_0p188_0","t":1,"s":[51.292,49.826,0],"e":[45.4,43.933,0],"to":[0.55348682403564,0.55348682403564,0],"ti":[-1.5713484287262,-1.5713484287262,0]},{"i":{"x":0.833,"y":0.833},"o":{"x":0.6,"y":0},"n":"0p833_0p833_0p6_0","t":7,"s":[45.4,43.933,0],"e":[60.72,59.254,0],"to":[1.5713484287262,1.5713484287262,0],"ti":[-1.01786160469055,-1.01786160469055,0]},{"t":17}]},"a":{"a":0,"k":[66.292,64.826,0]},"s":{"a":1,"k":[{"i":{"x":[0.833,0.833,0.833],"y":[0.967,0.967,4]},"o":{"x":[0.182,0.182,0.182],"y":[0,0,0]},"n":["0p833_0p967_0p182_0","0p833_0p967_0p182_0","0p833_4_0p182_0"],"t":17,"s":[100,100,100],"e":[10,10,100]},{"t":23}]}},"ao":0,"shapes":[{"ty":"gr","it":[{"ind":0,"ty":"sh","ix":1,"ks":{"a":0,"k":{"i":[[0,0],[0,0],[0,0],[0,0],[0,0],[0,0],[0,0]],"o":[[0,0],[0,0],[0,0],[0,0],[0,0],[0,0],[0,0]],"v":[[-17.355,-25.286],[-8.515,-34.256],[-8.515,-8.515],[-34.255,-8.515],[-25.415,-17.486],[-39.456,-31.526],[-31.395,-39.456]],"c":true}},"nm":"Path 4","mn":"ADBE Vector Shape - Group"},{"ty":"fl","c":{"a":0,"k":[0,0,0,1]},"o":{"a":0,"k":100},"r":1,"nm":"Fill 1","mn":"ADBE Vector Graphic - Fill"},{"ty":"tr","p":{"a":0,"k":[74.807,73.341],"ix":2},"a":{"a":0,"k":[0,0],"ix":1},"s":{"a":0,"k":[100,100],"ix":3},"r":{"a":0,"k":0,"ix":6},"o":{"a":0,"k":100,"ix":7},"sk":{"a":0,"k":0,"ix":4},"sa":{"a":0,"k":0,"ix":5},"nm":"Transform"}],"nm":"Group 1","np":2,"cix":2,"ix":1,"mn":"ADBE Vector Group"}],"ip":0,"op":23,"st":-147,"bm":0,"sr":1}]}