{"v":"4.7.1","fr":60,"ip":0,"op":137,"w":150,"h":150,"nm":"Padlock_LockIt","ddd":0,"assets":[],"layers":[{"ddd":0,"ind":1,"ty":4,"nm":"Lock Handle","ks":{"o":{"a":0,"k":100},"r":{"a":0,"k":0},"p":{"a":0,"k":[75.1,84,0]},"a":{"a":0,"k":[0,0,0]},"s":{"a":0,"k":[100,100,100]}},"ao":0,"shapes":[{"ty":"gr","it":[{"ind":0,"ty":"sh","ix":1,"ks":{"a":1,"k":[{"i":{"x":0.2,"y":1},"o":{"x":0.167,"y":0},"n":"0p2_1_0p167_0","t":1,"s":[{"i":[[0,0],[0,0],[10.295,0],[0,-10.393],[0,0]],"o":[[0,0],[0,-10.393],[-10.397,0],[0,0],[0,0]],"v":[[-19.6,-14.012],[-19.689,-38.266],[-38.345,-57.2],[-57.202,-38.266],[-57.172,-29.211]],"c":false}],"e":[{"i":[[0,0],[0,0],[-10.393,0],[0,-10.393],[0,0]],"o":[[0,0],[0,-10.393],[10.496,0],[0,0],[0,0]],"v":[[-19.6,-14.012],[-19.51,-38.266],[-0.677,-57.2],[18.36,-38.266],[18.329,-29.211]],"c":false}]},{"i":{"x":0.667,"y":1},"o":{"x":0.8,"y":0},"n":"0p667_1_0p8_0","t":21,"s":[{"i":[[0,0],[0,0],[-10.393,0],[0,-10.393],[0,0]],"o":[[0,0],[0,-10.393],[10.496,0],[0,0],[0,0]],"v":[[-19.6,-14.012],[-19.51,-38.266],[-0.677,-57.2],[18.36,-38.266],[18.329,-29.211]],"c":false}],"e":[{"i":[[0,0],[0,0],[-10.393,0],[0,-10.393],[0,0]],"o":[[0,0],[0,-10.393],[10.496,0],[0,0],[0,0]],"v":[[-19.6,-14.012],[-19.447,-29.693],[-0.614,-48.626],[18.423,-29.693],[18.407,-12.611]],"c":false}]},{"i":{"x":0.667,"y":1},"o":{"x":0.333,"y":0},"n":"0p667_1_0p333_0","t":41,"s":[{"i":[[0,0],[0,0],[-10.393,0],[0,-10.393],[0,0]],"o":[[0,0],[0,-10.393],[10.496,0],[0,0],[0,0]],"v":[[-19.6,-14.012],[-19.447,-29.693],[-0.614,-48.626],[18.423,-29.693],[18.407,-12.611]],"c":false}],"e":[{"i":[[0,0],[0,0],[-10.393,0],[0,-10.393],[0,0]],"o":[[0,0],[0,-10.393],[10.496,0],[0,0],[0,0]],"v":[[-19.6,-14.012],[-19.447,-31.066],[-0.614,-50],[18.423,-31.066],[18.407,-14.411]],"c":false}]},{"t":56}]},"nm":"Path 1","mn":"ADBE Vector Shape - Group"},{"ty":"st","c":{"a":0,"k":[0,0,0,1]},"o":{"a":0,"k":100},"w":{"a":0,"k":10.2},"lc":2,"lj":2,"nm":"Stroke 1","mn":"ADBE Vector Graphic - Stroke"},{"ty":"tr","p":{"a":0,"k":[0,0],"ix":2},"a":{"a":0,"k":[0,0],"ix":1},"s":{"a":0,"k":[100,100],"ix":3},"r":{"a":0,"k":0,"ix":6},"o":{"a":0,"k":100,"ix":7},"sk":{"a":0,"k":0,"ix":4},"sa":{"a":0,"k":0,"ix":5},"nm":"Transform"}],"nm":"Shape 1","np":2,"cix":2,"ix":1,"mn":"ADBE Vector Group"}],"ip":0,"op":137,"st":-315,"bm":0,"sr":1},{"ddd":0,"ind":2,"ty":4,"nm":"Combination","ks":{"o":{"a":0,"k":100},"r":{"a":1,"k":[{"i":{"x":[0.06],"y":[0.989]},"o":{"x":[0.211],"y":[0]},"n":["0p06_0p989_0p211_0"],"t":49,"s":[360],"e":[13.356]},{"i":{"x":[0.618],"y":[1]},"o":{"x":[0.287],"y":[0.083]},"n":["0p618_1_0p287_0p083"],"t":91,"s":[13.356],"e":[0]},{"t":135}]},"p":{"a":0,"k":[74.5,90.4,0]},"a":{"a":0,"k":[74.7,81.5,0]},"s":{"a":0,"k":[100,100,100]}},"ao":0,"shapes":[{"ty":"gr","it":[{"ind":0,"ty":"sh","ix":1,"ks":{"a":0,"k":{"i":[[0,0],[0,0],[0,0],[0,0],[0,0]],"o":[[0,0],[0,0],[0,0],[0,0],[0,0]],"v":[[96.663,87.902],[87.693,87.902],[86.393,90.242],[87.693,92.452],[96.663,92.452]],"c":true}},"nm":"Path 26","mn":"ADBE Vector Shape - Group"},{"ind":1,"ty":"sh","ix":2,"ks":{"a":0,"k":{"i":[[0,0],[0,0],[0,0],[0,0],[0,0]],"o":[[0,0],[0,0],[0,0],[0,0],[0,0]],"v":[[84.833,81.792],[84.963,84.262],[87.043,85.692],[94.974,81.142],[92.764,77.242]],"c":true}},"nm":"Path 25","mn":"ADBE Vector Shape - Group"},{"ind":2,"ty":"sh","ix":3,"ks":{"a":0,"k":{"i":[[0,0],[0,0],[0,0],[0,0],[0,0]],"o":[[0,0],[0,0],[0,0],[0,0],[0,0]],"v":[[86.783,94.792],[84.703,96.222],[84.573,98.822],[92.634,103.242],[94.844,99.342]],"c":true}},"nm":"Path 24","mn":"ADBE Vector Shape - Group"},{"ind":3,"ty":"sh","ix":4,"ks":{"a":0,"k":{"i":[[0,0],[0,0],[0,0],[0,0],[0,0]],"o":[[0,0],[0,0],[0,0],[0,0],[0,0]],"v":[[87.693,72.302],[83.923,69.962],[79.243,77.892],[80.673,79.972],[83.142,80.102]],"c":true}},"nm":"Path 23","mn":"ADBE Vector Shape - Group"},{"ind":4,"ty":"sh","ix":5,"ks":{"a":0,"k":{"i":[[0,0],[0,0],[0,0],[0,0],[0,0]],"o":[[0,0],[0,0],[0,0],[0,0],[0,0]],"v":[[82.883,100.123],[80.413,100.382],[78.982,102.592],[83.533,110.262],[87.563,108.052]],"c":true}},"nm":"Path 22","mn":"ADBE Vector Shape - Group"},{"ind":5,"ty":"sh","ix":6,"ks":{"a":0,"k":{"i":[[0,0],[0,0],[0,0],[0,0],[0,0]],"o":[[0,0],[0,0],[0,0],[0,0],[0,0]],"v":[[77.163,68.142],[72.482,68.142],[72.482,77.242],[74.823,78.412],[77.163,77.242]],"c":true}},"nm":"Path 21","mn":"ADBE Vector Shape - Group"},{"ind":6,"ty":"sh","ix":7,"ks":{"a":0,"k":{"i":[[0,0],[0,0],[0,0],[0,0],[0,0]],"o":[[0,0],[0,0],[0,0],[0,0],[0,0]],"v":[[76.772,102.982],[74.433,101.812],[72.223,102.982],[72.223,112.083],[76.772,112.083]],"c":true}},"nm":"Path 20","mn":"ADBE Vector Shape - Group"},{"ind":7,"ty":"sh","ix":8,"ks":{"a":0,"k":{"i":[[0,0],[0,0],[0,0],[0,0],[0,0]],"o":[[0,0],[0,0],[0,0],[0,0],[0,0]],"v":[[70.272,77.762],[65.723,69.701],[61.822,72.042],[66.372,79.972],[68.843,79.842]],"c":true}},"nm":"Path 19","mn":"ADBE Vector Shape - Group"},{"ind":8,"ty":"sh","ix":9,"ks":{"a":0,"k":{"i":[[0,0],[0,0],[0,0],[0,0],[0,0]],"o":[[0,0],[0,0],[0,0],[0,0],[0,0]],"v":[[70.013,102.463],[68.712,100.123],[66.242,99.992],[61.562,107.923],[65.462,110.132]],"c":true}},"nm":"Path 18","mn":"ADBE Vector Shape - Group"},{"ind":9,"ty":"sh","ix":10,"ks":{"a":0,"k":{"i":[[0,0],[0,0],[0,0],[0,0],[0,0]],"o":[[0,0],[0,0],[0,0],[0,0],[0,0]],"v":[[54.542,80.882],[62.342,85.431],[64.683,84.002],[64.812,81.532],[56.752,76.982]],"c":true}},"nm":"Path 17","mn":"ADBE Vector Shape - Group"},{"ind":10,"ty":"sh","ix":11,"ks":{"a":0,"k":{"i":[[0,0],[0,0],[0,0],[0,0],[0,0]],"o":[[0,0],[0,0],[0,0],[0,0],[0,0]],"v":[[64.552,98.302],[64.292,95.832],[62.212,94.402],[54.412,98.952],[56.622,102.852]],"c":true}},"nm":"Path 16","mn":"ADBE Vector Shape - Group"},{"ind":11,"ty":"sh","ix":12,"ks":{"a":0,"k":{"i":[[0,0],[0,0],[0,0],[0,0],[0,0]],"o":[[0,0],[0,0],[0,0],[0,0],[0,0]],"v":[[52.757,92.422],[61.857,92.422],[63.027,90.212],[61.857,87.741],[52.757,87.741]],"c":true}},"nm":"Path 15","mn":"ADBE Vector Shape - Group"},{"d":1,"ty":"el","s":{"a":0,"k":[64.5,64.5]},"p":{"a":0,"k":[74.7,90.1]},"nm":"Ellipse Path 1","mn":"ADBE Vector Shape - Ellipse"},{"ty":"tr","p":{"a":0,"k":[75,66.4],"ix":2},"a":{"a":0,"k":[75,75],"ix":1},"s":{"a":0,"k":[100,100],"ix":3},"r":{"a":0,"k":0,"ix":6},"o":{"a":0,"k":100,"ix":7},"sk":{"a":0,"k":0,"ix":4},"sa":{"a":0,"k":0,"ix":5},"nm":"Transform"}],"nm":"Group 3","np":13,"cix":2,"ix":1,"mn":"ADBE Vector Group"},{"ty":"fl","c":{"a":0,"k":[0,0,0,1]},"o":{"a":0,"k":100},"r":1,"nm":"Fill 1","mn":"ADBE Vector Graphic - Fill"}],"ip":0,"op":137,"st":-315,"bm":0,"sr":1}]}