{"v":"4.7.1","fr":60,"ip":0,"op":56,"w":150,"h":150,"nm":"Paper_AnimOn","ddd":0,"assets":[],"layers":[{"ddd":0,"ind":1,"ty":3,"nm":"Controller","ks":{"o":{"a":0,"k":0},"r":{"a":0,"k":0},"p":{"a":1,"k":[{"i":{"x":0.04,"y":1},"o":{"x":0.167,"y":0.167},"n":"0p04_1_0p167_0p167","t":1,"s":[75,105,0],"e":[75,56.4,0],"to":[0,0,0],"ti":[0,0,0]},{"i":{"x":0.833,"y":0.833},"o":{"x":0.96,"y":0},"n":"0p833_0p833_0p96_0","t":19,"s":[75,56.4,0],"e":[75,75,0],"to":[0,0,0],"ti":[0,0,0]},{"i":{"x":0.667,"y":1},"o":{"x":0.167,"y":0.167},"n":"0p667_1_0p167_0p167","t":33,"s":[75,75,0],"e":[75,71.8,0],"to":[0,0,0],"ti":[0,0,0]},{"i":{"x":0.833,"y":0.833},"o":{"x":0.333,"y":0},"n":"0p833_0p833_0p333_0","t":38,"s":[75,71.8,0],"e":[75,75,0],"to":[0,0,0],"ti":[0,0,0]},{"i":{"x":0.667,"y":1},"o":{"x":0.167,"y":0.167},"n":"0p667_1_0p167_0p167","t":43,"s":[75,75,0],"e":[75,74.2,0],"to":[0,0,0],"ti":[0,0,0]},{"i":{"x":0.833,"y":0.833},"o":{"x":0.333,"y":0},"n":"0p833_0p833_0p333_0","t":48,"s":[75,74.2,0],"e":[75,75,0],"to":[0,0,0],"ti":[0,0,0]},{"t":54}]},"a":{"a":0,"k":[60,60,0]},"s":{"a":0,"k":[10,10,100]}},"ao":0,"ip":1,"op":56,"st":-37,"bm":0,"sr":1},{"ddd":0,"ind":2,"ty":4,"nm":"Lines","parent":1,"ks":{"o":{"a":0,"k":100},"r":{"a":0,"k":0},"p":{"a":0,"k":[60,60,0]},"a":{"a":0,"k":[75,75,0]},"s":{"a":0,"k":[1000,1000,100]}},"ao":0,"shapes":[{"ty":"gr","it":[{"ind":0,"ty":"sh","ix":1,"ks":{"a":1,"k":[{"i":{"x":0,"y":1},"o":{"x":0.167,"y":0.167},"n":"0_1_0p167_0p167","t":10,"s":[{"i":[[0,0],[0,0],[0,0],[0,0]],"o":[[0,0],[0,0],[0,0],[0,0]],"v":[[-14.091,28.983],[15.03,28.983],[15.03,25.472],[-14.091,25.472]],"c":true}],"e":[{"i":[[0,0],[0,0],[0,0],[0,0]],"o":[[0,0],[0,0],[0,0],[0,0]],"v":[[-14.106,20.411],[15.015,20.411],[15.015,16.9],[-14.106,16.9]],"c":true}]},{"t":19}]},"nm":"Path 1","mn":"ADBE Vector Shape - Group"},{"ind":1,"ty":"sh","ix":2,"ks":{"a":1,"k":[{"i":{"x":0,"y":1},"o":{"x":0.167,"y":0.167},"n":"0_1_0p167_0p167","t":10,"s":[{"i":[[0,0],[0,0],[0,0],[0,0]],"o":[[0,0],[0,0],[0,0],[0,0]],"v":[[-14.091,25.296],[15.03,25.296],[15.03,21.785],[-14.091,21.785]],"c":true}],"e":[{"i":[[0,0],[0,0],[0,0],[0,0]],"o":[[0,0],[0,0],[0,0],[0,0]],"v":[[-14.106,10.01],[15.015,10.01],[15.015,6.499],[-14.106,6.499]],"c":true}]},{"t":19}]},"nm":"Path 2","mn":"ADBE Vector Shape - Group"},{"ind":2,"ty":"sh","ix":3,"ks":{"a":1,"k":[{"i":{"x":0,"y":1},"o":{"x":0.167,"y":0.167},"n":"0_1_0p167_0p167","t":10,"s":[{"i":[[0,0],[0,0],[0,0],[0,0]],"o":[[0,0],[0,0],[0,0],[0,0]],"v":[[-14.091,21.651],[15.03,21.651],[15.03,18.141],[-14.091,18.141]],"c":true}],"e":[{"i":[[0,0],[0,0],[0,0],[0,0]],"o":[[0,0],[0,0],[0,0],[0,0]],"v":[[-14.106,-0.39],[15.015,-0.39],[15.015,-3.9],[-14.106,-3.9]],"c":true}]},{"t":19}]},"nm":"Path 3","mn":"ADBE Vector Shape - Group"},{"ty":"fl","c":{"a":0,"k":[0,0,0,1]},"o":{"a":0,"k":100},"r":1,"nm":"Fill 1","mn":"ADBE Vector Graphic - Fill"},{"ty":"tr","p":{"a":0,"k":[75.002,75.422],"ix":2},"a":{"a":0,"k":[0,0],"ix":1},"s":{"a":0,"k":[100,100],"ix":3},"r":{"a":0,"k":0,"ix":6},"o":{"a":0,"k":100,"ix":7},"sk":{"a":0,"k":0,"ix":4},"sa":{"a":0,"k":0,"ix":5},"nm":"Transform"}],"nm":"Group 1","np":4,"cix":2,"ix":1,"mn":"ADBE Vector Group"}],"ip":10,"op":56,"st":-35,"bm":0,"sr":1},{"ddd":0,"ind":3,"ty":4,"nm":"Paper","parent":1,"ks":{"o":{"a":0,"k":100},"r":{"a":0,"k":0},"p":{"a":0,"k":[56,60,0]},"a":{"a":0,"k":[75,75,0]},"s":{"a":0,"k":[1000,1000,100]}},"ao":0,"shapes":[{"ty":"gr","it":[{"ind":0,"ty":"sh","ix":1,"ks":{"a":1,"k":[{"i":{"x":0,"y":1},"o":{"x":0.167,"y":0.167},"n":"0_1_0p167_0p167","t":8,"s":[{"i":[[0,0],[0,0],[0,0],[2.599,0],[0,0],[0,0],[4.29,0],[0,0]],"o":[[0,0],[0,0],[0,-3.12],[0,0],[0,0],[0,-3.12],[0,0],[0,0]],"v":[[-23.076,30.161],[23.076,30.161],[23.152,28.283],[19.122,24.773],[6.382,24.773],[6.382,15.153],[-0.899,9.173],[-23,9.173]],"c":true}],"e":[{"i":[[0,0],[0,0],[0,0],[2.599,0],[0,0],[0,0],[4.29,0],[0,0]],"o":[[0,0],[0,0],[0,-3.12],[0,0],[0,0],[0,-3.12],[0,0],[0,0]],"v":[[-23.076,30.161],[23.076,30.161],[23.076,-11.051],[19.046,-14.561],[6.306,-14.561],[6.306,-24.181],[-0.975,-30.161],[-23.076,-30.161]],"c":true}]},{"t":22}]},"nm":"Path 4","mn":"ADBE Vector Shape - Group"},{"ind":1,"ty":"sh","ix":2,"ks":{"a":1,"k":[{"i":{"x":0,"y":1},"o":{"x":0.167,"y":0.167},"n":"0_1_0p167_0p167","t":8,"s":[{"i":[[0,0],[0,0],[0,0],[0,0],[0,0]],"o":[[0,0],[0,0],[0,0],[0,0],[0,0]],"v":[[11.191,-0.188],[32.512,21.653],[32.436,39.521],[-32.436,39.521],[-32.36,-0.188]],"c":true}],"e":[{"i":[[0,0],[0,0],[0,0],[0,0],[0,0]],"o":[[0,0],[0,0],[0,0],[0,0],[0,0]],"v":[[11.115,-39.521],[32.436,-17.681],[32.436,39.521],[-32.436,39.521],[-32.436,-39.521]],"c":true}]},{"t":22}]},"nm":"Path 5","mn":"ADBE Vector Shape - Group"},{"ty":"fl","c":{"a":0,"k":[0,0,0,1]},"o":{"a":0,"k":100},"r":1,"nm":"Fill 1","mn":"ADBE Vector Graphic - Fill"},{"ty":"tr","p":{"a":0,"k":[75.002,75.422],"ix":2},"a":{"a":0,"k":[0,0],"ix":1},"s":{"a":0,"k":[100,100],"ix":3},"r":{"a":0,"k":0,"ix":6},"o":{"a":0,"k":100,"ix":7},"sk":{"a":0,"k":0,"ix":4},"sa":{"a":0,"k":0,"ix":5},"nm":"Transform"}],"nm":"Group 1","np":3,"cix":2,"ix":1,"mn":"ADBE Vector Group"}],"ip":8,"op":56,"st":-37,"bm":0,"sr":1},{"ddd":0,"ind":4,"ty":4,"nm":"Matte","parent":6,"td":1,"ks":{"o":{"a":0,"k":100},"r":{"a":0,"k":0},"p":{"a":1,"k":[{"i":{"x":0.833,"y":0.833},"o":{"x":0.167,"y":0.167},"n":"0p833_0p833_0p167_0p167","t":2,"s":[75,102,0],"e":[75,72,0],"to":[0,0,0],"ti":[0,0,0]},{"t":8}]},"a":{"a":0,"k":[75,75,0]},"s":{"a":0,"k":[100,100,100]}},"ao":0,"shapes":[{"ty":"gr","it":[{"ind":0,"ty":"sh","ix":1,"ks":{"a":0,"k":{"i":[[0,0],[0,0],[0,0],[0,0],[0,0]],"o":[[0,0],[0,0],[0,0],[0,0],[0,0]],"v":[[11.191,-0.188],[32.512,21.653],[32.436,39.521],[-32.436,39.521],[-32.36,-0.188]],"c":true}},"nm":"Path 5","mn":"ADBE Vector Shape - Group"},{"ty":"fl","c":{"a":0,"k":[0,0,0,1]},"o":{"a":0,"k":100},"r":1,"nm":"Fill 1","mn":"ADBE Vector Graphic - Fill"},{"ty":"tr","p":{"a":0,"k":[75.002,75.422],"ix":2},"a":{"a":0,"k":[0,0],"ix":1},"s":{"a":0,"k":[100,100],"ix":3},"r":{"a":0,"k":0,"ix":6},"o":{"a":0,"k":100,"ix":7},"sk":{"a":0,"k":0,"ix":4},"sa":{"a":0,"k":0,"ix":5},"nm":"Transform"}],"nm":"Group 1","np":2,"cix":2,"ix":1,"mn":"ADBE Vector Group"}],"ip":2,"op":8,"st":-37,"bm":0,"sr":1},{"ddd":0,"ind":5,"ty":4,"nm":"Page","parent":6,"tt":1,"ks":{"o":{"a":0,"k":100},"r":{"a":0,"k":0},"p":{"a":0,"k":[75,70.714,0]},"a":{"a":0,"k":[0,0,0]},"s":{"a":0,"k":[100,100,100]}},"ao":0,"shapes":[{"ty":"gr","it":[{"ind":0,"ty":"sh","ix":1,"ks":{"a":0,"k":{"i":[[0,0],[0,0]],"o":[[0,0],[0,0]],"v":[[-32.4,40.36],[32.475,40.36]],"c":false}},"nm":"Path 1","mn":"ADBE Vector Shape - Group"},{"ty":"st","c":{"a":0,"k":[0,0,0,1]},"o":{"a":0,"k":100},"w":{"a":0,"k":8.6},"lc":1,"lj":1,"ml":4,"nm":"Stroke 1","mn":"ADBE Vector Graphic - Stroke"},{"ty":"tr","p":{"a":0,"k":[0,0],"ix":2},"a":{"a":0,"k":[0,0],"ix":1},"s":{"a":0,"k":[100,100],"ix":3},"r":{"a":0,"k":0,"ix":6},"o":{"a":0,"k":100,"ix":7},"sk":{"a":0,"k":0,"ix":4},"sa":{"a":0,"k":0,"ix":5},"nm":"Transform"}],"nm":"Shape 1","np":2,"cix":2,"ix":1,"mn":"ADBE Vector Group"}],"ip":0,"op":8,"st":-37,"bm":0,"sr":1},{"ddd":0,"ind":6,"ty":4,"nm":"Matte","parent":1,"td":1,"ks":{"o":{"a":0,"k":100},"r":{"a":0,"k":0},"p":{"a":1,"k":[{"i":{"x":0.833,"y":0.833},"o":{"x":0.167,"y":0.167},"n":"0p833_0p833_0p167_0p167","t":2,"s":[60,120,0],"e":[60,60,0],"to":[0,0,0],"ti":[0,0,0]},{"t":8}]},"a":{"a":0,"k":[75,75,0]},"s":{"a":0,"k":[1000,1000,100]}},"ao":0,"shapes":[{"ty":"gr","it":[{"ind":0,"ty":"sh","ix":1,"ks":{"a":0,"k":{"i":[[0,0],[0,0],[0,0],[0,0],[0,0]],"o":[[0,0],[0,0],[0,0],[0,0],[0,0]],"v":[[11.191,-0.188],[32.512,21.653],[32.436,39.521],[-32.436,39.521],[-32.36,-0.188]],"c":true}},"nm":"Path 5","mn":"ADBE Vector Shape - Group"},{"ty":"fl","c":{"a":0,"k":[0,0,0,1]},"o":{"a":0,"k":100},"r":1,"nm":"Fill 1","mn":"ADBE Vector Graphic - Fill"},{"ty":"tr","p":{"a":0,"k":[75.002,75.422],"ix":2},"a":{"a":0,"k":[0,0],"ix":1},"s":{"a":0,"k":[100,100],"ix":3},"r":{"a":0,"k":0,"ix":6},"o":{"a":0,"k":100,"ix":7},"sk":{"a":0,"k":0,"ix":4},"sa":{"a":0,"k":0,"ix":5},"nm":"Transform"}],"nm":"Group 1","np":2,"cix":2,"ix":1,"mn":"ADBE Vector Group"}],"ip":1,"op":8,"st":-37,"bm":0,"sr":1},{"ddd":0,"ind":7,"ty":4,"nm":"Page","parent":6,"tt":1,"ks":{"o":{"a":0,"k":100},"r":{"a":0,"k":0},"p":{"a":1,"k":[{"i":{"x":0.833,"y":0.833},"o":{"x":0.167,"y":0.167},"n":"0p833_0p833_0p167_0p167","t":1,"s":[75,120,0],"e":[75,102,0],"to":[0,0,0],"ti":[0,0,0]},{"i":{"x":0.833,"y":0.833},"o":{"x":0.167,"y":0.167},"n":"0p833_0p833_0p167_0p167","t":2,"s":[75,102,0],"e":[75,72,0],"to":[0,0,0],"ti":[0,0,0]},{"t":8}]},"a":{"a":0,"k":[75,75,0]},"s":{"a":0,"k":[100,100,100]}},"ao":0,"shapes":[{"ty":"gr","it":[{"ind":0,"ty":"sh","ix":1,"ks":{"a":0,"k":{"i":[[0,0],[0,0],[0,0],[2.599,0],[0,0],[0,0],[4.29,0],[0,0]],"o":[[0,0],[0,0],[0,-3.12],[0,0],[0,0],[0,-3.12],[0,0],[0,0]],"v":[[-23.076,30.161],[23.076,30.161],[23.152,28.283],[19.122,24.773],[6.382,24.773],[6.382,15.153],[-0.899,9.173],[-23,9.173]],"c":true}},"nm":"Path 4","mn":"ADBE Vector Shape - Group"},{"ind":1,"ty":"sh","ix":2,"ks":{"a":0,"k":{"i":[[0,0],[0,0],[0,0],[0,0],[0,0]],"o":[[0,0],[0,0],[0,0],[0,0],[0,0]],"v":[[11.191,-0.188],[32.512,21.653],[32.436,39.521],[-32.436,39.521],[-32.36,-0.188]],"c":true}},"nm":"Path 5","mn":"ADBE Vector Shape - Group"},{"ty":"fl","c":{"a":0,"k":[0,0,0,1]},"o":{"a":0,"k":100},"r":1,"nm":"Fill 1","mn":"ADBE Vector Graphic - Fill"},{"ty":"tr","p":{"a":0,"k":[75.002,75.422],"ix":2},"a":{"a":0,"k":[0,0],"ix":1},"s":{"a":0,"k":[100,100],"ix":3},"r":{"a":0,"k":0,"ix":6},"o":{"a":0,"k":100,"ix":7},"sk":{"a":0,"k":0,"ix":4},"sa":{"a":0,"k":0,"ix":5},"nm":"Transform"}],"nm":"Group 1","np":3,"cix":2,"ix":1,"mn":"ADBE Vector Group"}],"ip":1,"op":8,"st":-37,"bm":0,"sr":1}]}