{"v":"4.7.1","fr":60,"ip":0,"op":52,"w":150,"h":150,"nm":"PieChart_AnimOn","ddd":0,"assets":[],"layers":[{"ddd":0,"ind":1,"ty":4,"nm":"Splash","parent":3,"ks":{"o":{"a":0,"k":100},"r":{"a":0,"k":44.254},"p":{"a":0,"k":[100.375,45.958,0]},"a":{"a":0,"k":[0,0,0]},"s":{"a":0,"k":[100,100,100]}},"ao":0,"shapes":[{"ty":"gr","it":[{"ind":0,"ty":"sh","ix":1,"ks":{"a":0,"k":{"i":[[0,0],[0,0]],"o":[[0,0],[0,0]],"v":[[0.011,-30.399],[0.011,-1.649]],"c":false}},"nm":"Path 1","mn":"ADBE Vector Shape - Group"},{"ty":"tr","p":{"a":0,"k":[0,0],"ix":2},"a":{"a":0,"k":[0,0],"ix":1},"s":{"a":0,"k":[100,100],"ix":3},"r":{"a":0,"k":-40,"ix":6},"o":{"a":0,"k":100,"ix":7},"sk":{"a":0,"k":0,"ix":4},"sa":{"a":0,"k":0,"ix":5},"nm":"Transform"}],"nm":"Shape 3","np":1,"cix":2,"ix":1,"mn":"ADBE Vector Group"},{"ty":"gr","it":[{"ind":0,"ty":"sh","ix":1,"ks":{"a":0,"k":{"i":[[0,0],[0,0]],"o":[[0,0],[0,0]],"v":[[0.011,-30.399],[0.011,-1.649]],"c":false}},"nm":"Path 1","mn":"ADBE Vector Shape - Group"},{"ty":"tr","p":{"a":0,"k":[0,0],"ix":2},"a":{"a":0,"k":[0,0],"ix":1},"s":{"a":0,"k":[100,100],"ix":3},"r":{"a":0,"k":0,"ix":6},"o":{"a":0,"k":100,"ix":7},"sk":{"a":0,"k":0,"ix":4},"sa":{"a":0,"k":0,"ix":5},"nm":"Transform"}],"nm":"Shape 2","np":1,"cix":2,"ix":2,"mn":"ADBE Vector Group"},{"ty":"gr","it":[{"ind":0,"ty":"sh","ix":1,"ks":{"a":0,"k":{"i":[[0,0],[0,0]],"o":[[0,0],[0,0]],"v":[[0.011,-30.399],[0.011,-1.649]],"c":false}},"nm":"Path 1","mn":"ADBE Vector Shape - Group"},{"ty":"tr","p":{"a":0,"k":[0,0],"ix":2},"a":{"a":0,"k":[0,0],"ix":1},"s":{"a":0,"k":[100,100],"ix":3},"r":{"a":0,"k":40,"ix":6},"o":{"a":0,"k":100,"ix":7},"sk":{"a":0,"k":0,"ix":4},"sa":{"a":0,"k":0,"ix":5},"nm":"Transform"}],"nm":"Shape 1","np":1,"cix":2,"ix":3,"mn":"ADBE Vector Group"},{"ty":"tm","s":{"a":1,"k":[{"i":{"x":[0.19],"y":[1]},"o":{"x":[0.167],"y":[0.033]},"n":["0p19_1_0p167_0p033"],"t":25,"s":[50.66],"e":[0]},{"t":46}],"ix":1},"e":{"a":1,"k":[{"i":{"x":[0.19],"y":[1]},"o":{"x":[0.485],"y":[0]},"n":["0p19_1_0p485_0"],"t":25,"s":[56.2],"e":[0.01]},{"t":46}],"ix":2},"o":{"a":0,"k":0,"ix":3},"m":1,"ix":4,"nm":"Trim Paths 1","mn":"ADBE Vector Filter - Trim"},{"ty":"st","c":{"a":0,"k":[0,0,0,1]},"o":{"a":0,"k":100},"w":{"a":1,"k":[{"i":{"x":[0.833],"y":[0.967]},"o":{"x":[0.59],"y":[0]},"n":["0p833_0p967_0p59_0"],"t":23,"s":[0],"e":[4.9]},{"i":{"x":[0.833],"y":[0.833]},"o":{"x":[0.167],"y":[0.167]},"n":["0p833_0p833_0p167_0p167"],"t":26,"s":[4.9],"e":[4.9]},{"i":{"x":[0.833],"y":[0.833]},"o":{"x":[0.167],"y":[0.167]},"n":["0p833_0p833_0p167_0p167"],"t":46,"s":[4.9],"e":[0]},{"t":50}]},"lc":2,"lj":2,"nm":"Stroke 1","mn":"ADBE Vector Graphic - Stroke"}],"ip":23,"op":51,"st":-4,"bm":0,"sr":1},{"ddd":0,"ind":2,"ty":4,"nm":"Chart 2","ks":{"o":{"a":0,"k":100},"r":{"a":0,"k":0},"p":{"a":0,"k":[74.974,75.002,0]},"a":{"a":0,"k":[70.9,77.094,0]},"s":{"a":1,"k":[{"i":{"x":[0,0,0],"y":[1,1,1]},"o":{"x":[0.333,0.333,0.333],"y":[0,0,0]},"n":["0_1_0p333_0","0_1_0p333_0","0_1_0p333_0"],"t":1,"s":[0,0,100],"e":[100,100,100]},{"t":35}]}},"ao":0,"shapes":[{"ty":"gr","it":[{"ind":0,"ty":"sh","ix":1,"ks":{"a":1,"k":[{"i":{"x":0.18,"y":1},"o":{"x":0.333,"y":0},"n":"0p18_1_0p333_0","t":17,"s":[{"i":[[0,0],[0,0],[0,-19.11],[0,0]],"o":[[0,0],[19.111,0],[0,0],[0,0]],"v":[[-5.32,5.712],[-5.32,-29.129],[29.131,5.322],[29.131,5.712]],"c":true}],"e":[{"i":[[0,0],[0,0],[0,-19.11],[0,0]],"o":[[0,0],[19.111,0],[0,0],[0,0]],"v":[[5.461,-5.071],[5.461,-39.912],[39.911,-5.461],[39.911,-5.071]],"c":true}]},{"t":37}]},"nm":"Path 1","mn":"ADBE Vector Shape - Group"},{"ind":1,"ty":"sh","ix":2,"ks":{"a":0,"k":{"i":[[0,0],[0,0],[19.11,0],[0,19.111],[-19.111,0],[0,0]],"o":[[0,0],[0,19.111],[-19.111,0],[0,-19.111],[0,0],[0,0]],"v":[[29.122,5.85],[29.122,5.46],[-5.46,39.912],[-39.911,5.46],[-5.46,-29.122],[-5.46,5.85]],"c":true}},"nm":"Path 2","mn":"ADBE Vector Shape - Group"},{"ty":"mm","mm":1,"nm":"Merge Paths 1","mn":"ADBE Vector Filter - Merge"},{"ty":"fl","c":{"a":0,"k":[0,0,0,1]},"o":{"a":0,"k":100},"r":1,"nm":"Fill 1","mn":"ADBE Vector Graphic - Fill"},{"ty":"tr","p":{"a":0,"k":[76.352,71.243],"ix":2},"a":{"a":0,"k":[0,0],"ix":1},"s":{"a":0,"k":[100,100],"ix":3},"r":{"a":0,"k":0,"ix":6},"o":{"a":0,"k":100,"ix":7},"sk":{"a":0,"k":0,"ix":4},"sa":{"a":0,"k":0,"ix":5},"nm":"Transform"}],"nm":"Group 1","np":4,"cix":2,"ix":1,"mn":"ADBE Vector Group"}],"ip":17,"op":52,"st":-9,"bm":0,"sr":1},{"ddd":0,"ind":3,"ty":4,"nm":"Chart","ks":{"o":{"a":0,"k":100},"r":{"a":0,"k":0},"p":{"a":0,"k":[74.974,75.002,0]},"a":{"a":0,"k":[70.9,77.094,0]},"s":{"a":1,"k":[{"i":{"x":[0,0,0],"y":[1,1,1]},"o":{"x":[0.333,0.333,0.333],"y":[0,0,0]},"n":["0_1_0p333_0","0_1_0p333_0","0_1_0p333_0"],"t":1,"s":[0,0,100],"e":[100,100,100]},{"t":35}]}},"ao":0,"shapes":[{"ty":"gr","it":[{"ind":0,"ty":"sh","ix":1,"ks":{"a":0,"k":{"i":[[0,0],[0,0],[19.11,0],[0,19.111],[-19.111,0],[-10.2,-10.796]],"o":[[0,0],[0,19.111],[-19.111,0],[0,-19.111],[0,0],[10.373,10.979]],"v":[[29.122,5.85],[29.122,5.46],[-5.46,39.912],[-39.911,5.46],[-5.46,-29.122],[19.514,-18.693]],"c":true}},"nm":"Path 2","mn":"ADBE Vector Shape - Group"},{"ty":"mm","mm":1,"nm":"Merge Paths 1","mn":"ADBE Vector Filter - Merge"},{"ty":"fl","c":{"a":0,"k":[0,0,0,1]},"o":{"a":0,"k":100},"r":1,"nm":"Fill 1","mn":"ADBE Vector Graphic - Fill"},{"ty":"tr","p":{"a":0,"k":[76.352,71.243],"ix":2},"a":{"a":0,"k":[0,0],"ix":1},"s":{"a":0,"k":[100,100],"ix":3},"r":{"a":0,"k":0,"ix":6},"o":{"a":0,"k":100,"ix":7},"sk":{"a":0,"k":0,"ix":4},"sa":{"a":0,"k":0,"ix":5},"nm":"Transform"}],"nm":"Group 1","np":3,"cix":2,"ix":1,"mn":"ADBE Vector Group"}],"ip":0,"op":17,"st":-9,"bm":0,"sr":1}]}