{"v":"4.7.1","fr":60,"ip":0,"op":43,"w":150,"h":150,"nm":"PriceTag_AnimOff","ddd":0,"assets":[],"layers":[{"ddd":0,"ind":1,"ty":4,"nm":"Speed Lines","ks":{"o":{"a":0,"k":100},"r":{"a":0,"k":0},"p":{"a":0,"k":[75,75,0]},"a":{"a":0,"k":[0,0,0]},"s":{"a":0,"k":[100,100,100]}},"ao":0,"shapes":[{"ty":"gr","it":[{"ind":0,"ty":"sh","ix":1,"ks":{"a":0,"k":{"i":[[0,0],[18,-16.833],[31.556,18.222]],"o":[[0,0],[-22.81,21.332],[-31.556,-18.222]],"v":[[40.833,-46],[38.083,-5.75],[-36.944,-4.778]],"c":false}},"nm":"Path 1","mn":"ADBE Vector Shape - Group"},{"ty":"tm","s":{"a":1,"k":[{"i":{"x":[0.833],"y":[0.833]},"o":{"x":[0.167],"y":[0.167]},"n":["0p833_0p833_0p167_0p167"],"t":29,"s":[100],"e":[91]},{"i":{"x":[0.833],"y":[0.833]},"o":{"x":[0.167],"y":[0.167]},"n":["0p833_0p833_0p167_0p167"],"t":31.117,"s":[91],"e":[36.283]},{"i":{"x":[0.596],"y":[1]},"o":{"x":[0.167],"y":[0.033]},"n":["0p596_1_0p167_0p033"],"t":38,"s":[36.283],"e":[3]},{"t":40}],"ix":1},"e":{"a":1,"k":[{"i":{"x":[0.833],"y":[0.833]},"o":{"x":[0.167],"y":[0.167]},"n":["0p833_0p833_0p167_0p167"],"t":29,"s":[100],"e":[91]},{"i":{"x":[0.833],"y":[0.833]},"o":{"x":[0.167],"y":[0.167]},"n":["0p833_0p833_0p167_0p167"],"t":31.117,"s":[91],"e":[23.611]},{"i":{"x":[0],"y":[1]},"o":{"x":[0.167],"y":[0.033]},"n":["0_1_0p167_0p033"],"t":38,"s":[23.611],"e":[3]},{"t":40}],"ix":2},"o":{"a":0,"k":0,"ix":3},"m":1,"ix":2,"nm":"Trim Paths 1","mn":"ADBE Vector Filter - Trim"},{"ty":"tr","p":{"a":0,"k":[0,0],"ix":2},"a":{"a":0,"k":[0,0],"ix":1},"s":{"a":0,"k":[100,100],"ix":3},"r":{"a":0,"k":0,"ix":6},"o":{"a":0,"k":100,"ix":7},"sk":{"a":0,"k":0,"ix":4},"sa":{"a":0,"k":0,"ix":5},"nm":"Transform"}],"nm":"Shape 1","np":2,"cix":2,"ix":1,"mn":"ADBE Vector Group"},{"ty":"st","c":{"a":0,"k":[0,0,0,1]},"o":{"a":0,"k":100},"w":{"a":0,"k":2},"lc":2,"lj":2,"nm":"Stroke 1","mn":"ADBE Vector Graphic - Stroke"}],"ip":31,"op":40,"st":-99,"bm":0,"sr":1},{"ddd":0,"ind":2,"ty":4,"nm":"Speed Lines","ks":{"o":{"a":0,"k":100},"r":{"a":0,"k":0},"p":{"a":0,"k":[75,75,0]},"a":{"a":0,"k":[0,0,0]},"s":{"a":0,"k":[100,100,100]}},"ao":0,"shapes":[{"ty":"gr","it":[{"ind":0,"ty":"sh","ix":1,"ks":{"a":0,"k":{"i":[[0,0],[17,-17.333],[31.556,18.222]],"o":[[0,0],[-21.868,22.297],[-31.556,-18.222]],"v":[[40.833,-46],[45.75,1.083],[-45.444,6.222]],"c":false}},"nm":"Path 1","mn":"ADBE Vector Shape - Group"},{"ty":"tm","s":{"a":1,"k":[{"i":{"x":[0.833],"y":[0.833]},"o":{"x":[0.167],"y":[0.167]},"n":["0p833_0p833_0p167_0p167"],"t":29,"s":[100],"e":[91]},{"i":{"x":[0.833],"y":[0.833]},"o":{"x":[0.167],"y":[0.167]},"n":["0p833_0p833_0p167_0p167"],"t":31.117,"s":[91],"e":[42.783]},{"i":{"x":[0.596],"y":[1]},"o":{"x":[0.167],"y":[0.033]},"n":["0p596_1_0p167_0p033"],"t":38,"s":[42.783],"e":[3]},{"t":40}],"ix":1},"e":{"a":1,"k":[{"i":{"x":[0.833],"y":[0.833]},"o":{"x":[0.167],"y":[0.167]},"n":["0p833_0p833_0p167_0p167"],"t":29,"s":[100],"e":[91]},{"i":{"x":[0.833],"y":[0.833]},"o":{"x":[0.167],"y":[0.167]},"n":["0p833_0p833_0p167_0p167"],"t":31.117,"s":[91],"e":[23.411]},{"i":{"x":[0],"y":[1]},"o":{"x":[0.167],"y":[0.033]},"n":["0_1_0p167_0p033"],"t":38,"s":[23.411],"e":[3]},{"t":40}],"ix":2},"o":{"a":0,"k":0,"ix":3},"m":1,"ix":2,"nm":"Trim Paths 1","mn":"ADBE Vector Filter - Trim"},{"ty":"tr","p":{"a":0,"k":[0,0],"ix":2},"a":{"a":0,"k":[0,0],"ix":1},"s":{"a":0,"k":[100,100],"ix":3},"r":{"a":0,"k":0,"ix":6},"o":{"a":0,"k":100,"ix":7},"sk":{"a":0,"k":0,"ix":4},"sa":{"a":0,"k":0,"ix":5},"nm":"Transform"}],"nm":"Shape 1","np":2,"cix":2,"ix":1,"mn":"ADBE Vector Group"},{"ty":"st","c":{"a":0,"k":[0,0,0,1]},"o":{"a":0,"k":100},"w":{"a":0,"k":2},"lc":2,"lj":2,"nm":"Stroke 1","mn":"ADBE Vector Graphic - Stroke"}],"ip":31,"op":40,"st":-99,"bm":0,"sr":1},{"ddd":0,"ind":3,"ty":4,"nm":"Rope","parent":4,"ks":{"o":{"a":0,"k":100},"r":{"a":0,"k":-20},"p":{"a":0,"k":[41.61,117.656,0]},"a":{"a":0,"k":[0,0,0]},"s":{"a":0,"k":[100,100,100]}},"ao":0,"shapes":[{"ty":"gr","it":[{"ind":0,"ty":"sh","ix":1,"ks":{"a":1,"k":[{"i":{"x":0,"y":1},"o":{"x":0.333,"y":0},"n":"0_1_0p333_0","t":1,"s":[{"i":[[3.25,2.006],[8.358,-5.75],[2.361,-4.12],[0,0],[-1.72,0.495],[-2.226,-0.304],[-3.881,0.601],[-1.074,3.274]],"o":[[-3.252,-2.007],[-5.943,4.089],[-0.943,1.645],[0,0],[3.869,-1.114],[2.226,0.304],[3.881,-0.601],[1.074,-3.274]],"v":[[38.45,-52.106],[20.916,-52.481],[10.333,-38.23],[7.179,-35.75],[11.297,-36.866],[20.854,-36.569],[30.898,-36.292],[38.976,-41.718]],"c":true}],"e":[{"i":[[3.25,2.006],[8.358,-5.75],[3.023,-3.662],[0,0],[-1.779,0.198],[-2.143,-0.676],[-3.881,0.601],[-1.074,3.274]],"o":[[-3.252,-2.007],[-5.943,4.089],[-1.207,1.462],[0,0],[4.001,-0.444],[2.143,0.676],[3.881,-0.601],[1.074,-3.274]],"v":[[38.45,-52.106],[21.429,-52.72],[9.051,-40.983],[5.524,-39.071],[9.771,-39.475],[19.141,-37.569],[30.898,-36.292],[38.976,-41.718]],"c":true}]},{"t":21}]},"nm":"Path 1","mn":"ADBE Vector Shape - Group"},{"ty":"st","c":{"a":0,"k":[0,0,0,1]},"o":{"a":0,"k":100},"w":{"a":0,"k":2},"lc":1,"lj":1,"ml":4,"nm":"Stroke 1","mn":"ADBE Vector Graphic - Stroke"},{"ty":"tr","p":{"a":0,"k":[0,0],"ix":2},"a":{"a":0,"k":[0,0],"ix":1},"s":{"a":0,"k":[100,100],"ix":3},"r":{"a":0,"k":0,"ix":6},"o":{"a":0,"k":100,"ix":7},"sk":{"a":0,"k":0,"ix":4},"sa":{"a":0,"k":0,"ix":5},"nm":"Transform"}],"nm":"Shape 1","np":3,"cix":2,"ix":1,"mn":"ADBE Vector Group"}],"ip":0,"op":41,"st":-236,"bm":0,"sr":1},{"ddd":0,"ind":4,"ty":1,"nm":"Roator","parent":6,"ks":{"o":{"a":0,"k":0},"r":{"a":1,"k":[{"i":{"x":[0],"y":[1]},"o":{"x":[0.333],"y":[0]},"n":["0_1_0p333_0"],"t":1,"s":[0],"e":[0]},{"i":{"x":[0.667],"y":[1]},"o":{"x":[1],"y":[0]},"n":["0p667_1_1_0"],"t":21,"s":[0],"e":[-127.1]},{"t":41}]},"p":{"a":0,"k":[60,60,0]},"a":{"a":0,"k":[60,60,0]},"s":{"a":0,"k":[100,100,100]}},"ao":0,"sw":120,"sh":120,"sc":"#ffffff","ip":0,"op":43,"st":-236,"bm":0,"sr":1},{"ddd":0,"ind":5,"ty":4,"nm":"Tag","parent":7,"ks":{"o":{"a":0,"k":100},"r":{"a":0,"k":0},"p":{"a":0,"k":[23,107.889,0]},"a":{"a":0,"k":[75,75,0]},"s":{"a":0,"k":[100,100,100]}},"ao":0,"shapes":[{"ty":"gr","it":[{"ind":0,"ty":"sh","ix":1,"ks":{"a":0,"k":{"i":[[0,4.16],[4.16,0],[0,-4.16],[-4.16,0]],"o":[[0,-4.16],[-4.16,0],[0,4.16],[4.16,0]],"v":[[15.211,-11.441],[7.67,-18.981],[0.13,-11.441],[7.67,-3.9]],"c":true}},"nm":"Path 2","mn":"ADBE Vector Shape - Group"},{"ind":1,"ty":"sh","ix":2,"ks":{"a":0,"k":{"i":[[0,0],[0,0],[1.95,1.17],[0,0],[-1.17,2.08],[0,0],[0,0],[0,0],[0,0],[0,0]],"o":[[0,0],[-1.17,2.08],[0,0],[-2.08,-1.171],[0,0],[0,0],[0,0],[0,0],[0,0],[0,0]],"v":[[26.001,5.98],[0.781,49.661],[-4.941,51.352],[-39.911,31.071],[-41.602,25.221],[-16.381,-18.461],[4.16,-31.331],[14.04,-25.741],[17.421,-23.791],[27.04,-18.201]],"c":true}},"nm":"Path 3","mn":"ADBE Vector Shape - Group"},{"ty":"mm","mm":1,"nm":"Merge Paths 1","mn":"ADBE Vector Filter - Merge"},{"ty":"fl","c":{"a":0,"k":[0,0,0,1]},"o":{"a":0,"k":100},"r":1,"nm":"Fill 1","mn":"ADBE Vector Graphic - Fill"},{"ty":"tr","p":{"a":0,"k":[77.212,68.727],"ix":2},"a":{"a":0,"k":[0,0],"ix":1},"s":{"a":0,"k":[100,100],"ix":3},"r":{"a":0,"k":0,"ix":6},"o":{"a":0,"k":100,"ix":7},"sk":{"a":0,"k":0,"ix":4},"sa":{"a":0,"k":0,"ix":5},"nm":"Transform"}],"nm":"Group 1","np":4,"cix":2,"ix":1,"mn":"ADBE Vector Group"}],"ip":0,"op":41,"st":-236,"bm":0,"sr":1},{"ddd":0,"ind":6,"ty":3,"nm":"Scaler","ks":{"o":{"a":0,"k":0},"r":{"a":0,"k":0},"p":{"a":0,"k":[112,27.111,0]},"a":{"a":0,"k":[60,60,0]},"s":{"a":1,"k":[{"i":{"x":[0,0,0],"y":[1,1,1]},"o":{"x":[0.333,0.333,0.333],"y":[0,0,0]},"n":["0_1_0p333_0","0_1_0p333_0","0_1_0p333_0"],"t":1,"s":[100,100,100],"e":[100,100,100]},{"i":{"x":[0.667,0.667,0.667],"y":[1,1,1]},"o":{"x":[1,1,1],"y":[0,0,0]},"n":["0p667_1_1_0","0p667_1_1_0","0p667_1_1_0"],"t":21,"s":[100,100,100],"e":[0,0,100]},{"t":41}]}},"ao":0,"ip":0,"op":43,"st":-206,"bm":0,"sr":1},{"ddd":0,"ind":7,"ty":1,"nm":"Rotator","parent":6,"ks":{"o":{"a":0,"k":0},"r":{"a":1,"k":[{"i":{"x":[0],"y":[1]},"o":{"x":[0.333],"y":[0]},"n":["0_1_0p333_0"],"t":1,"s":[0],"e":[9.9]},{"i":{"x":[0.667],"y":[1]},"o":{"x":[1],"y":[0]},"n":["0p667_1_1_0"],"t":21,"s":[9.9],"e":[-127.1]},{"t":41}]},"p":{"a":0,"k":[60,60,0]},"a":{"a":0,"k":[60,60,0]},"s":{"a":0,"k":[100,100,100]}},"ao":0,"sw":120,"sh":120,"sc":"#ffffff","ip":0,"op":43,"st":-236,"bm":0,"sr":1}]}