{"v":"4.7.1","fr":30,"ip":0,"op":49,"w":150,"h":150,"nm":"Printer_AnimOn","ddd":0,"assets":[],"layers":[{"ddd":0,"ind":1,"ty":4,"nm":"Paper 9","ks":{"o":{"a":0,"k":100},"r":{"a":0,"k":0},"p":{"a":1,"k":[{"i":{"x":0,"y":1},"o":{"x":0.333,"y":0},"n":"0_1_0p333_0","t":25,"s":[75,75,0],"e":[75,102,0],"to":[0,0,0],"ti":[0,0,0]},{"t":38}]},"a":{"a":0,"k":[75,75,0]},"s":{"a":0,"k":[100,100,100]}},"ao":0,"shapes":[{"ty":"gr","it":[{"ind":0,"ty":"sh","ix":1,"ks":{"a":1,"k":[{"i":{"x":0.833,"y":0.833},"o":{"x":0.167,"y":0.167},"n":"0p833_0p833_0p167_0p167","t":28,"s":[{"i":[[0,0],[0,0],[0,0],[0,0]],"o":[[0,0],[0,0],[0,0],[0,0]],"v":[[-27.241,-7.761],[-27.366,-47.842],[27.496,-47.842],[27.621,-7.761]],"c":true}],"e":[{"i":[[0,0],[0,0],[0,0],[0,0]],"o":[[0,0],[0,0],[0,0],[0,0]],"v":[[-27.241,-12.205],[-27.366,-47.842],[27.496,-47.842],[27.621,-12.205]],"c":true}]},{"t":38}]},"nm":"Path 6","mn":"ADBE Vector Shape - Group"},{"ind":1,"ty":"sh","ix":2,"ks":{"a":1,"k":[{"i":{"x":0.833,"y":0.833},"o":{"x":0.167,"y":0.167},"n":"0p833_0p833_0p167_0p167","t":28,"s":[{"i":[[0,0],[0,0],[0,0],[0,0]],"o":[[0,0],[0,0],[0,0],[0,0]],"v":[[-23.726,-12.611],[23.855,-12.611],[23.855,-42.903],[-23.726,-42.903]],"c":true}],"e":[{"i":[[0,0],[0,0],[0,0],[0,0]],"o":[[0,0],[0,0],[0,0],[0,0]],"v":[[-23.726,-17.055],[23.855,-17.055],[23.855,-42.903],[-23.726,-42.903]],"c":true}]},{"t":38}]},"nm":"Path 3","mn":"ADBE Vector Shape - Group"},{"ty":"fl","c":{"a":0,"k":[0,0,0,1]},"o":{"a":0,"k":100},"r":1,"nm":"Fill 1","mn":"ADBE Vector Graphic - Fill"},{"ty":"tr","p":{"a":0,"k":[75,72.984],"ix":2},"a":{"a":0,"k":[0,0],"ix":1},"s":{"a":0,"k":[100,100],"ix":3},"r":{"a":0,"k":0,"ix":6},"o":{"a":0,"k":100,"ix":7},"sk":{"a":0,"k":0,"ix":4},"sa":{"a":0,"k":0,"ix":5},"nm":"Transform"}],"nm":"Group 1","np":3,"cix":2,"ix":1,"mn":"ADBE Vector Group"}],"ip":25,"op":39,"st":-9,"bm":0,"sr":1},{"ddd":0,"ind":2,"ty":4,"nm":"Paper 11","ks":{"o":{"a":0,"k":100},"r":{"a":0,"k":0},"p":{"a":1,"k":[{"i":{"x":0.833,"y":0.833},"o":{"x":0.333,"y":0},"n":"0p833_0p833_0p333_0","t":25,"s":[74.625,52.225,0],"e":[74.791,63.635,0],"to":[0,0,0],"ti":[0,0,0]},{"i":{"x":0,"y":1},"o":{"x":0.167,"y":0.167},"n":"0_1_0p167_0p167","t":28,"s":[74.791,63.635,0],"e":[75,75,0],"to":[0,0,0],"ti":[0,0,0]},{"t":38}]},"a":{"a":0,"k":[75,75,0]},"s":{"a":1,"k":[{"i":{"x":[0,0,0],"y":[1,1,1]},"o":{"x":[0.333,0.333,0.333],"y":[0,0,0]},"n":["0_1_0p333_0","0_1_0p333_0","0_1_0p333_0"],"t":25,"s":[82.5,82.5,100],"e":[100,100,100]},{"t":38}]}},"ao":0,"shapes":[{"ty":"gr","it":[{"ind":0,"ty":"sh","ix":1,"ks":{"a":0,"k":{"i":[[0,0],[0,0],[0,0],[0,0],[0,0],[0,0]],"o":[[0,0],[0,0],[0,0],[0,0],[0,0],[0,0]],"v":[[33.217,31.981],[36.727,47.842],[-35.166,47.842],[-32.307,31.981],[-27.241,5.539],[27.621,5.539]],"c":true}},"nm":"Path 6","mn":"ADBE Vector Shape - Group"},{"ind":1,"ty":"sh","ix":2,"ks":{"a":0,"k":{"i":[[0,0],[0,0],[0,0],[0,0]],"o":[[0,0],[0,0],[0,0],[0,0]],"v":[[30.096,43.032],[25.156,17.941],[-25.156,17.941],[-28.926,43.032]],"c":true}},"nm":"Path 4","mn":"ADBE Vector Shape - Group"},{"ind":2,"ty":"sh","ix":3,"ks":{"a":0,"k":{"i":[[0,0],[0,0],[0,0],[0,0]],"o":[[0,0],[0,0],[0,0],[0,0]],"v":[[17.876,27.691],[3.445,27.691],[3.445,31.332],[17.876,31.332]],"c":true}},"nm":"Path 1","mn":"ADBE Vector Shape - Group"},{"ind":3,"ty":"sh","ix":4,"ks":{"a":0,"k":{"i":[[0,0],[0,0],[0,0],[0,0]],"o":[[0,0],[0,0],[0,0],[0,0]],"v":[[-2.665,27.691],[-17.096,27.691],[-17.096,31.332],[-2.665,31.332]],"c":true}},"nm":"Path 2","mn":"ADBE Vector Shape - Group"},{"ty":"fl","c":{"a":0,"k":[0,0,0,1]},"o":{"a":0,"k":100},"r":1,"nm":"Fill 1","mn":"ADBE Vector Graphic - Fill"},{"ty":"tr","p":{"a":0,"k":[75,72.984],"ix":2},"a":{"a":0,"k":[0,0],"ix":1},"s":{"a":0,"k":[100,100],"ix":3},"r":{"a":0,"k":0,"ix":6},"o":{"a":0,"k":100,"ix":7},"sk":{"a":0,"k":0,"ix":4},"sa":{"a":0,"k":0,"ix":5},"nm":"Transform"}],"nm":"Group 1","np":5,"cix":2,"ix":1,"mn":"ADBE Vector Group"}],"ip":25,"op":50,"st":2,"bm":0,"sr":1},{"ddd":0,"ind":3,"ty":4,"nm":"Paper 7","td":1,"ks":{"o":{"a":0,"k":100},"r":{"a":0,"k":0},"p":{"a":1,"k":[{"i":{"x":0,"y":1},"o":{"x":0.333,"y":0},"n":"0_1_0p333_0","t":25,"s":[74.625,52.225,0],"e":[75,75,0],"to":[0,0,0],"ti":[0,0,0]},{"t":38}]},"a":{"a":0,"k":[75,75,0]},"s":{"a":1,"k":[{"i":{"x":[0,0,0],"y":[1,1,1]},"o":{"x":[0.333,0.333,0.333],"y":[0,0,0]},"n":["0_1_0p333_0","0_1_0p333_0","0_1_0p333_0"],"t":25,"s":[82.5,82.5,100],"e":[100,100,100]},{"t":38}]}},"ao":0,"shapes":[{"ty":"gr","it":[{"ind":0,"ty":"sh","ix":1,"ks":{"a":0,"k":{"i":[[0,0],[0,0],[0,0],[0,0]],"o":[[0,0],[0,0],[0,0],[0,0]],"v":[[65.638,-65.549],[-66.685,-65.549],[-66.767,68.919],[65.555,68.919]],"c":true}},"nm":"Path 1","mn":"ADBE Vector Shape - Group"},{"ind":1,"ty":"sh","ix":2,"ks":{"a":0,"k":{"i":[[0,0],[0,0],[0,0],[0,0],[0,0],[0,0]],"o":[[0,0],[0,0],[0,0],[0,0],[0,0],[0,0]],"v":[[31.251,31.981],[34.761,45.876],[-33.2,45.876],[-30.341,31.981],[-25.275,5.539],[25.656,5.539]],"c":true}},"nm":"Path 6","mn":"ADBE Vector Shape - Group"},{"ty":"fl","c":{"a":0,"k":[1,1,1,1]},"o":{"a":0,"k":100},"r":1,"nm":"Fill 1","mn":"ADBE Vector Graphic - Fill"},{"ty":"tr","p":{"a":0,"k":[75,72.984],"ix":2},"a":{"a":0,"k":[0,0],"ix":1},"s":{"a":0,"k":[100,100],"ix":3},"r":{"a":0,"k":0,"ix":6},"o":{"a":0,"k":100,"ix":7},"sk":{"a":0,"k":0,"ix":4},"sa":{"a":0,"k":0,"ix":5},"nm":"Transform"}],"nm":"Group 1","np":3,"cix":2,"ix":1,"mn":"ADBE Vector Group"}],"ip":13,"op":50,"st":2,"bm":0,"sr":1},{"ddd":0,"ind":4,"ty":4,"nm":"Printer 7","tt":1,"ks":{"o":{"a":0,"k":100},"r":{"a":0,"k":0},"p":{"a":0,"k":[75,75,0]},"a":{"a":0,"k":[75,75,0]},"s":{"a":0,"k":[100,100,100]}},"ao":0,"shapes":[{"ty":"gr","it":[{"ind":0,"ty":"sh","ix":1,"ks":{"a":0,"k":{"i":[[0,-4.42],[0,0],[4.161,0],[0,0],[0,0],[0,0],[0,0],[0,0],[0,4.421],[0,0],[-4.679,0],[0,0],[0,0],[0,0],[0,0],[0,0],[0,0],[0,0],[0,0],[0,0]],"o":[[0,0],[0,4.421],[0,0],[0,0],[0,0],[0,0],[0,0],[-4.679,0],[0,0],[0,-4.42],[0,0],[0,0],[0,0],[0,0],[0,0],[0,0],[0,0],[0,0],[0,0],[4.161,0]],"v":[[48.947,-14.171],[48.947,23.92],[41.146,31.981],[33.217,31.981],[30.5,31.981],[-30.25,31.981],[-32.307,31.981],[-40.887,31.981],[-48.947,23.92],[-48.947,-14.171],[-40.887,-22.231],[-30.876,-22.231],[-30.876,-34.451],[-24.666,-34.477],[-24.6,-10.027],[24.75,-10.29],[24.571,-34.477],[31.006,-34.451],[31.006,-22.231],[41.146,-22.231]],"c":true}},"nm":"Path 6","mn":"ADBE Vector Shape - Group"},{"ind":1,"ty":"sh","ix":2,"ks":{"a":1,"k":[{"i":{"x":0.833,"y":0.833},"o":{"x":1,"y":0},"n":"0p833_0p833_1_0","t":13,"s":[{"i":[[0,0],[0,0],[0,0],[0,0],[0,0],[0,0]],"o":[[0,0],[0,0],[0,0],[0,0],[0,0],[0,0]],"v":[[-26.083,-22.75],[-26.151,-34.407],[-24.666,-34.451],[24.796,-34.451],[26.506,-34.477],[26.574,-22.82]],"c":true}],"e":[{"i":[[0,0],[0,0],[0,0],[0,0],[0,0],[0,0]],"o":[[0,0],[0,0],[0,0],[0,0],[0,0],[0,0]],"v":[[-26.133,-30.625],[-26.151,-34.407],[-24.666,-34.451],[24.796,-34.451],[26.506,-34.477],[26.524,-30.695]],"c":true}]},{"i":{"x":0,"y":1},"o":{"x":0.167,"y":0.167},"n":"0_1_0p167_0p167","t":16,"s":[{"i":[[0,0],[0,0],[0,0],[0,0],[0,0],[0,0]],"o":[[0,0],[0,0],[0,0],[0,0],[0,0],[0,0]],"v":[[-26.133,-30.625],[-26.151,-34.407],[-24.666,-34.451],[24.796,-34.451],[26.506,-34.477],[26.524,-30.695]],"c":true}],"e":[{"i":[[0,0],[0,0],[0,0],[0,0],[0,0],[0,0]],"o":[[0,0],[0,0],[0,0],[0,0],[0,0],[0,0]],"v":[[-26.297,-44.912],[-26.202,-45.882],[-24.717,-45.926],[24.745,-45.926],[26.455,-45.952],[26.36,-44.982]],"c":true}]},{"t":23}]},"nm":"Path 9","mn":"ADBE Vector Shape - Group"},{"ind":2,"ty":"sh","ix":3,"ks":{"a":0,"k":{"i":[[0,3.12],[3.12,0],[0,-2.991],[-2.99,0]],"o":[[0,-2.991],[-2.99,0],[0,3.12],[3.12,0]],"v":[[-29.706,-8.06],[-35.427,-13.651],[-41.017,-8.06],[-35.427,-2.47]],"c":true}},"nm":"Path 5","mn":"ADBE Vector Shape - Group"},{"ind":7,"ty":"sh","ix":8,"ks":{"a":1,"k":[{"i":{"x":0.833,"y":0.833},"o":{"x":1,"y":0},"n":"0p833_0p833_1_0","t":13,"s":[{"i":[[0,0],[0,0],[0,0],[0,0]],"o":[[0,0],[0,0],[0,0],[0,0]],"v":[[-23.726,-12.611],[23.855,-12.611],[23.855,-20.403],[-23.726,-20.403]],"c":true}],"e":[{"i":[[0,0],[0,0],[0,0],[0,0]],"o":[[0,0],[0,0],[0,0],[0,0]],"v":[[-23.726,-12.817],[23.855,-12.817],[23.855,-29.499],[-23.726,-29.499]],"c":true}]},{"i":{"x":0,"y":1},"o":{"x":0.167,"y":0.167},"n":"0_1_0p167_0p167","t":16,"s":[{"i":[[0,0],[0,0],[0,0],[0,0]],"o":[[0,0],[0,0],[0,0],[0,0]],"v":[[-23.726,-12.817],[23.855,-12.817],[23.855,-29.499],[-23.726,-29.499]],"c":true}],"e":[{"i":[[0,0],[0,0],[0,0],[0,0]],"o":[[0,0],[0,0],[0,0],[0,0]],"v":[[-23.726,-12.611],[23.855,-12.611],[23.855,-42.903],[-23.726,-42.903]],"c":true}]},{"t":23}]},"nm":"Path 3","mn":"ADBE Vector Shape - Group"},{"ind":8,"ty":"sh","ix":9,"ks":{"a":1,"k":[{"i":{"x":0.833,"y":0.833},"o":{"x":1,"y":0},"n":"0p833_0p833_1_0","t":13,"s":[{"i":[[0,0],[0,0],[0,0],[0,0]],"o":[[0,0],[0,0],[0,0],[0,0]],"v":[[-27.241,-7.761],[-27.366,-25.342],[27.496,-25.342],[27.621,-7.761]],"c":true}],"e":[{"i":[[0,0],[0,0],[0,0],[0,0]],"o":[[0,0],[0,0],[0,0],[0,0]],"v":[[-27.241,-7.967],[-27.366,-34.438],[27.496,-34.438],[27.621,-7.967]],"c":true}]},{"i":{"x":0,"y":1},"o":{"x":0.167,"y":0.167},"n":"0_1_0p167_0p167","t":16,"s":[{"i":[[0,0],[0,0],[0,0],[0,0]],"o":[[0,0],[0,0],[0,0],[0,0]],"v":[[-27.241,-7.967],[-27.366,-34.438],[27.496,-34.438],[27.621,-7.967]],"c":true}],"e":[{"i":[[0,0],[0,0],[0,0],[0,0]],"o":[[0,0],[0,0],[0,0],[0,0]],"v":[[-27.241,-7.761],[-27.366,-47.842],[27.496,-47.842],[27.621,-7.761]],"c":true}]},{"t":23}]},"nm":"Path 8","mn":"ADBE Vector Shape - Group"},{"ty":"fl","c":{"a":0,"k":[0,0,0,1]},"o":{"a":0,"k":100},"r":1,"nm":"Fill 1","mn":"ADBE Vector Graphic - Fill"},{"ty":"tr","p":{"a":0,"k":[75,72.984],"ix":2},"a":{"a":0,"k":[0,0],"ix":1},"s":{"a":0,"k":[100,100],"ix":3},"r":{"a":0,"k":0,"ix":6},"o":{"a":0,"k":100,"ix":7},"sk":{"a":0,"k":0,"ix":4},"sa":{"a":0,"k":0,"ix":5},"nm":"Transform"}],"nm":"Group 1","np":10,"cix":2,"ix":1,"mn":"ADBE Vector Group"}],"ip":13,"op":51,"st":3,"bm":0,"sr":1},{"ddd":0,"ind":5,"ty":4,"nm":"Coverup","ks":{"o":{"a":0,"k":100},"r":{"a":0,"k":0},"p":{"a":0,"k":[75,75,0]},"a":{"a":0,"k":[0,0,0]},"s":{"a":0,"k":[100,100,100]}},"ao":0,"shapes":[{"ty":"gr","it":[{"ind":0,"ty":"sh","ix":1,"ks":{"a":0,"k":{"i":[[0,0],[0,0],[0,0],[0,0]],"o":[[0,0],[0,0],[0,0],[0,0]],"v":[[26.833,-24.167],[-25.417,-24.167],[-32,15.471],[37.75,15.471]],"c":true}},"nm":"Path 1","mn":"ADBE Vector Shape - Group"},{"ty":"fl","c":{"a":0,"k":[0,0,0,1]},"o":{"a":0,"k":100},"r":1,"nm":"Fill 1","mn":"ADBE Vector Graphic - Fill"},{"ty":"tr","p":{"a":0,"k":[0,0],"ix":2},"a":{"a":0,"k":[0,0],"ix":1},"s":{"a":0,"k":[100,100],"ix":3},"r":{"a":0,"k":0,"ix":6},"o":{"a":0,"k":100,"ix":7},"sk":{"a":0,"k":0,"ix":4},"sa":{"a":0,"k":0,"ix":5},"nm":"Transform"}],"nm":"Shape 1","np":3,"cix":2,"ix":1,"mn":"ADBE Vector Group"}],"ip":13,"op":51,"st":13,"bm":0,"sr":1},{"ddd":0,"ind":6,"ty":4,"nm":"Printer 6","ks":{"o":{"a":0,"k":100},"r":{"a":0,"k":0},"p":{"a":0,"k":[75,75,0]},"a":{"a":0,"k":[75,75,0]},"s":{"a":0,"k":[100,100,100]}},"ao":0,"shapes":[{"ty":"gr","it":[{"ind":0,"ty":"sh","ix":1,"ks":{"a":1,"k":[{"i":{"x":0,"y":1},"o":{"x":0.167,"y":0.167},"n":"0_1_0p167_0p167","t":5,"s":[{"i":[[0,1.059],[1.059,0],[0,-1.016],[-1.015,0]],"o":[[0,-1.016],[-1.015,0],[0,1.059],[1.059,0]],"v":[[-33.45,2.062],[-35.393,0.164],[-37.291,2.062],[-35.393,3.96]],"c":true}],"e":[{"i":[[0,3.12],[3.12,0],[0,-2.991],[-2.99,0]],"o":[[0,-2.991],[-2.99,0],[0,3.12],[3.12,0]],"v":[[-29.706,-8.06],[-35.427,-13.651],[-41.017,-8.06],[-35.427,-2.47]],"c":true}]},{"t":13}]},"nm":"Path 5","mn":"ADBE Vector Shape - Group"},{"ind":1,"ty":"sh","ix":2,"ks":{"a":1,"k":[{"i":{"x":0,"y":1},"o":{"x":0.167,"y":0.167},"n":"0_1_0p167_0p167","t":5,"s":[{"i":[[0,-4.42],[0,0],[4.161,0],[0,0],[0,0],[0,0],[0,4.421],[0,0],[-4.679,0],[0,0],[0,0],[0,0]],"o":[[0,0],[0,4.421],[0,0],[0,0],[0,0],[-4.679,0],[0,0],[0,-4.42],[0,0],[0,0],[0,0],[4.161,0]],"v":[[49.049,1.982],[49.04,2.143],[41.239,10.204],[33.31,10.204],[-32.214,10.204],[-40.794,10.204],[-48.854,2.143],[-48.845,1.982],[-40.785,-6.078],[-30.774,-6.078],[31.108,-6.078],[41.248,-6.078]],"c":true}],"e":[{"i":[[0,-4.42],[0,0],[4.161,0],[0,0],[0,0],[0,0],[0,4.421],[0,0],[-4.679,0],[0,0],[0,0],[0,0]],"o":[[0,0],[0,4.421],[0,0],[0,0],[0,0],[-4.679,0],[0,0],[0,-4.42],[0,0],[0,0],[0,0],[4.161,0]],"v":[[48.947,-14.171],[48.947,23.92],[41.146,31.981],[33.217,31.981],[-32.307,31.981],[-40.887,31.981],[-48.947,23.92],[-48.947,-14.171],[-40.887,-22.231],[-30.876,-22.231],[31.006,-22.231],[41.146,-22.231]],"c":true}]},{"t":13}]},"nm":"Path 6","mn":"ADBE Vector Shape - Group"},{"ty":"fl","c":{"a":0,"k":[0,0,0,1]},"o":{"a":0,"k":100},"r":1,"nm":"Fill 1","mn":"ADBE Vector Graphic - Fill"},{"ty":"tr","p":{"a":0,"k":[75,72.984],"ix":2},"a":{"a":0,"k":[0,0],"ix":1},"s":{"a":0,"k":[100,100],"ix":3},"r":{"a":0,"k":0,"ix":6},"o":{"a":0,"k":100,"ix":7},"sk":{"a":0,"k":0,"ix":4},"sa":{"a":0,"k":0,"ix":5},"nm":"Transform"}],"nm":"Group 1","np":4,"cix":2,"ix":1,"mn":"ADBE Vector Group"}],"ip":5,"op":13,"st":-56,"bm":0,"sr":1},{"ddd":0,"ind":7,"ty":4,"nm":"Printer back 3","ks":{"o":{"a":0,"k":100},"r":{"a":0,"k":0},"p":{"a":0,"k":[75,75,0]},"a":{"a":0,"k":[75,75,0]},"s":{"a":0,"k":[100,100,100]}},"ao":0,"shapes":[{"ty":"gr","it":[{"ind":0,"ty":"sh","ix":1,"ks":{"a":1,"k":[{"i":{"x":0,"y":1},"o":{"x":0.167,"y":0.167},"n":"0_1_0p167_0p167","t":5,"s":[{"i":[[0,0],[0,0],[0,0],[0,0],[0,0],[0,0]],"o":[[0,0],[0,0],[0,0],[0,0],[0,0],[0,0]],"v":[[-30.87,-1.976],[-30.764,-5.134],[-27.254,-5.134],[27.608,-5.134],[31.118,-5.134],[31.012,-1.976]],"c":true}],"e":[{"i":[[0,0],[0,0],[0,0],[0,0],[0,0],[0,0]],"o":[[0,0],[0,0],[0,0],[0,0],[0,0],[0,0]],"v":[[-30.876,-16.893],[-30.876,-34.451],[-27.366,-34.451],[27.496,-34.451],[31.006,-34.451],[31.006,-16.893]],"c":true}]},{"t":13}]},"nm":"Path 6","mn":"ADBE Vector Shape - Group"},{"ty":"fl","c":{"a":0,"k":[0,0,0,1]},"o":{"a":0,"k":100},"r":1,"nm":"Fill 1","mn":"ADBE Vector Graphic - Fill"},{"ty":"tr","p":{"a":0,"k":[75,72.984],"ix":2},"a":{"a":0,"k":[0,0],"ix":1},"s":{"a":0,"k":[100,100],"ix":3},"r":{"a":0,"k":0,"ix":6},"o":{"a":0,"k":100,"ix":7},"sk":{"a":0,"k":0,"ix":4},"sa":{"a":0,"k":0,"ix":5},"nm":"Transform"}],"nm":"Group 1","np":2,"cix":2,"ix":1,"mn":"ADBE Vector Group"}],"ip":5,"op":13,"st":-61,"bm":0,"sr":1},{"ddd":0,"ind":8,"ty":4,"nm":"Printer 5","ks":{"o":{"a":0,"k":100},"r":{"a":0,"k":0},"p":{"a":0,"k":[75,75,0]},"a":{"a":0,"k":[0,0,0]},"s":{"a":0,"k":[15,15,100]}},"ao":0,"shapes":[{"ty":"gr","it":[{"ind":0,"ty":"sh","ix":1,"ks":{"a":0,"k":{"i":[[0,0],[0,0]],"o":[[0,0],[0,0]],"v":[[-264,0],[272,0]],"c":false}},"nm":"Path 1","mn":"ADBE Vector Shape - Group"},{"ty":"st","c":{"a":0,"k":[0,0,0,1]},"o":{"a":0,"k":100},"w":{"a":1,"k":[{"i":{"x":[0.833],"y":[0.833]},"o":{"x":[0.167],"y":[0.167]},"n":["0p833_0p833_0p167_0p167"],"t":0,"s":[0],"e":[108.1]},{"t":5}]},"lc":2,"lj":2,"nm":"Stroke 1","mn":"ADBE Vector Graphic - Stroke"},{"ty":"tr","p":{"a":0,"k":[0,0],"ix":2},"a":{"a":0,"k":[0,0],"ix":1},"s":{"a":0,"k":[100,100],"ix":3},"r":{"a":0,"k":0,"ix":6},"o":{"a":0,"k":100,"ix":7},"sk":{"a":0,"k":0,"ix":4},"sa":{"a":0,"k":0,"ix":5},"nm":"Transform"}],"nm":"Shape 1","np":2,"cix":2,"ix":1,"mn":"ADBE Vector Group"}],"ip":0,"op":5,"st":14,"bm":0,"sr":1}]}