{"v":"4.7.1","fr":30,"ip":0,"op":99,"w":150,"h":150,"nm":"Printer_Print","ddd":0,"assets":[],"layers":[{"ddd":0,"ind":1,"ty":4,"nm":"Paper 9","ks":{"o":{"a":0,"k":100},"r":{"a":0,"k":0},"p":{"a":1,"k":[{"i":{"x":0.21,"y":1},"o":{"x":0.79,"y":0},"n":"0p21_1_0p79_0","t":10,"s":[75,75,0],"e":[75,84,0],"to":[0,0,0],"ti":[0,0,0]},{"i":{"x":0.21,"y":0.21},"o":{"x":0.79,"y":0.79},"n":"0p21_0p21_0p79_0p79","t":20,"s":[75,84,0],"e":[75,84,0],"to":[0,0,0],"ti":[0,0,0]},{"i":{"x":0.21,"y":1},"o":{"x":0.79,"y":0},"n":"0p21_1_0p79_0","t":30,"s":[75,84,0],"e":[75,93,0],"to":[0,0,0],"ti":[0,0,0]},{"i":{"x":0.21,"y":0.21},"o":{"x":0.79,"y":0.79},"n":"0p21_0p21_0p79_0p79","t":40,"s":[75,93,0],"e":[75,93,0],"to":[0,0,0],"ti":[0,0,0]},{"i":{"x":0.21,"y":1},"o":{"x":0.79,"y":0},"n":"0p21_1_0p79_0","t":50,"s":[75,93,0],"e":[75,102,0],"to":[0,0,0],"ti":[0,0,0]},{"i":{"x":0.21,"y":0.21},"o":{"x":0.79,"y":0.79},"n":"0p21_0p21_0p79_0p79","t":60,"s":[75,102,0],"e":[75,102,0],"to":[0,0,0],"ti":[0,0,0]},{"i":{"x":0.21,"y":1},"o":{"x":0.79,"y":0},"n":"0p21_1_0p79_0","t":70,"s":[75,102,0],"e":[75,114,0],"to":[0,0,0],"ti":[0,0,0]},{"t":80}]},"a":{"a":0,"k":[75,75,0]},"s":{"a":0,"k":[100,100,100]}},"ao":0,"shapes":[{"ty":"gr","it":[{"ind":0,"ty":"sh","ix":1,"ks":{"a":1,"k":[{"i":{"x":0.667,"y":1},"o":{"x":0.333,"y":0},"n":"0p667_1_0p333_0","t":50,"s":[{"i":[[0,0],[0,0],[0,0],[0,0]],"o":[[0,0],[0,0],[0,0],[0,0]],"v":[[-27.241,-7.761],[-27.366,-47.842],[27.496,-47.842],[27.621,-7.761]],"c":true}],"e":[{"i":[[0,0],[0,0],[0,0],[0,0]],"o":[[0,0],[0,0],[0,0],[0,0]],"v":[[-27.241,-17.761],[-27.366,-47.842],[27.496,-47.842],[27.621,-17.761]],"c":true}]},{"t":60}]},"nm":"Path 6","mn":"ADBE Vector Shape - Group"},{"ind":1,"ty":"sh","ix":2,"ks":{"a":1,"k":[{"i":{"x":0.667,"y":1},"o":{"x":0.333,"y":0},"n":"0p667_1_0p333_0","t":50,"s":[{"i":[[0,0],[0,0],[0,0],[0,0]],"o":[[0,0],[0,0],[0,0],[0,0]],"v":[[-23.726,-12.611],[23.855,-12.611],[23.855,-42.903],[-23.726,-42.903]],"c":true}],"e":[{"i":[[0,0],[0,0],[0,0],[0,0]],"o":[[0,0],[0,0],[0,0],[0,0]],"v":[[-23.726,-22.611],[23.855,-22.611],[23.855,-42.903],[-23.726,-42.903]],"c":true}]},{"t":60}]},"nm":"Path 3","mn":"ADBE Vector Shape - Group"},{"ty":"fl","c":{"a":0,"k":[0,0,0,1]},"o":{"a":0,"k":100},"r":1,"nm":"Fill 1","mn":"ADBE Vector Graphic - Fill"},{"ty":"tr","p":{"a":0,"k":[75,72.984],"ix":2},"a":{"a":0,"k":[0,0],"ix":1},"s":{"a":0,"k":[100,100],"ix":3},"r":{"a":0,"k":0,"ix":6},"o":{"a":0,"k":100,"ix":7},"sk":{"a":0,"k":0,"ix":4},"sa":{"a":0,"k":0,"ix":5},"nm":"Transform"}],"nm":"Group 1","np":3,"cix":2,"ix":1,"mn":"ADBE Vector Group"}],"ip":11,"op":61,"st":-10,"bm":0,"sr":1},{"ddd":0,"ind":2,"ty":4,"nm":"Paper 11","ks":{"o":{"a":0,"k":100},"r":{"a":0,"k":0},"p":{"a":1,"k":[{"i":{"x":0.21,"y":1},"o":{"x":0.79,"y":0},"n":"0p21_1_0p79_0","t":10,"s":[74.625,52.225,0],"e":[74.679,55.479,0],"to":[0,0,0],"ti":[0,0,0]},{"i":{"x":0.21,"y":0.21},"o":{"x":0.79,"y":0.79},"n":"0p21_0p21_0p79_0p79","t":20,"s":[74.679,55.479,0],"e":[74.679,55.479,0],"to":[0,0,0],"ti":[0,0,0]},{"i":{"x":0.21,"y":1},"o":{"x":0.79,"y":0},"n":"0p21_1_0p79_0","t":30,"s":[74.679,55.479,0],"e":[74.786,61.986,0],"to":[0,0,0],"ti":[0,0,0]},{"i":{"x":0.21,"y":0.21},"o":{"x":0.79,"y":0.79},"n":"0p21_0p21_0p79_0p79","t":40,"s":[74.786,61.986,0],"e":[74.786,61.986,0],"to":[0,0,0],"ti":[0,0,0]},{"i":{"x":0.21,"y":1},"o":{"x":0.79,"y":0},"n":"0p21_1_0p79_0","t":50,"s":[74.786,61.986,0],"e":[74.893,68.499,0],"to":[0,0,0],"ti":[0,0,0]},{"i":{"x":0.21,"y":0.21},"o":{"x":0.79,"y":0.79},"n":"0p21_0p21_0p79_0p79","t":60,"s":[74.893,68.499,0],"e":[74.893,68.499,0],"to":[0,0,0],"ti":[0,0,0]},{"i":{"x":0.21,"y":1},"o":{"x":0.79,"y":0},"n":"0p21_1_0p79_0","t":70,"s":[74.893,68.499,0],"e":[75,75,0],"to":[0,0,0],"ti":[0,0,0]},{"t":80}]},"a":{"a":0,"k":[75,75,0]},"s":{"a":1,"k":[{"i":{"x":[0.21,0.21,0.21],"y":[1,1,1]},"o":{"x":[0.79,0.79,0.79],"y":[0,0,0]},"n":["0p21_1_0p79_0","0p21_1_0p79_0","0p21_1_0p79_0"],"t":10,"s":[82.5,82.5,100],"e":[85,85,100]},{"i":{"x":[0.21,0.21,0.21],"y":[1,1,1]},"o":{"x":[0.79,0.79,0.79],"y":[0,0,0]},"n":["0p21_1_0p79_0","0p21_1_0p79_0","0p21_1_0p79_0"],"t":20,"s":[85,85,100],"e":[85,85,100]},{"i":{"x":[0.21,0.21,0.21],"y":[1,1,1]},"o":{"x":[0.79,0.79,0.79],"y":[0,0,0]},"n":["0p21_1_0p79_0","0p21_1_0p79_0","0p21_1_0p79_0"],"t":30,"s":[85,85,100],"e":[90,90,100]},{"i":{"x":[0.21,0.21,0.21],"y":[1,1,1]},"o":{"x":[0.79,0.79,0.79],"y":[0,0,0]},"n":["0p21_1_0p79_0","0p21_1_0p79_0","0p21_1_0p79_0"],"t":40,"s":[90,90,100],"e":[90,90,100]},{"i":{"x":[0.21,0.21,0.21],"y":[1,1,1]},"o":{"x":[0.79,0.79,0.79],"y":[0,0,0]},"n":["0p21_1_0p79_0","0p21_1_0p79_0","0p21_1_0p79_0"],"t":50,"s":[90,90,100],"e":[95,95,100]},{"i":{"x":[0.21,0.21,0.21],"y":[1,1,1]},"o":{"x":[0.79,0.79,0.79],"y":[0,0,0]},"n":["0p21_1_0p79_0","0p21_1_0p79_0","0p21_1_0p79_0"],"t":60,"s":[95,95,100],"e":[95,95,100]},{"i":{"x":[0.21,0.21,0.21],"y":[1,1,1]},"o":{"x":[0.79,0.79,0.79],"y":[0,0,0]},"n":["0p21_1_0p79_0","0p21_1_0p79_0","0p21_1_0p79_0"],"t":70,"s":[95,95,100],"e":[100,100,100]},{"t":80}]}},"ao":0,"shapes":[{"ty":"gr","it":[{"ind":0,"ty":"sh","ix":1,"ks":{"a":0,"k":{"i":[[0,0],[0,0],[0,0],[0,0],[0,0],[0,0]],"o":[[0,0],[0,0],[0,0],[0,0],[0,0],[0,0]],"v":[[33.217,31.981],[36.727,47.842],[-35.166,47.842],[-32.307,31.981],[-27.241,5.539],[27.621,5.539]],"c":true}},"nm":"Path 6","mn":"ADBE Vector Shape - Group"},{"ind":1,"ty":"sh","ix":2,"ks":{"a":0,"k":{"i":[[0,0],[0,0],[0,0],[0,0]],"o":[[0,0],[0,0],[0,0],[0,0]],"v":[[30.096,43.032],[25.156,17.941],[-25.156,17.941],[-28.926,43.032]],"c":true}},"nm":"Path 4","mn":"ADBE Vector Shape - Group"},{"ind":2,"ty":"sh","ix":3,"ks":{"a":0,"k":{"i":[[0,0],[0,0],[0,0],[0,0]],"o":[[0,0],[0,0],[0,0],[0,0]],"v":[[17.876,27.691],[3.445,27.691],[3.445,31.332],[17.876,31.332]],"c":true}},"nm":"Path 1","mn":"ADBE Vector Shape - Group"},{"ind":3,"ty":"sh","ix":4,"ks":{"a":0,"k":{"i":[[0,0],[0,0],[0,0],[0,0]],"o":[[0,0],[0,0],[0,0],[0,0]],"v":[[-2.665,27.691],[-17.096,27.691],[-17.096,31.332],[-2.665,31.332]],"c":true}},"nm":"Path 2","mn":"ADBE Vector Shape - Group"},{"ty":"fl","c":{"a":0,"k":[0,0,0,1]},"o":{"a":0,"k":100},"r":1,"nm":"Fill 1","mn":"ADBE Vector Graphic - Fill"},{"ty":"tr","p":{"a":0,"k":[75,72.984],"ix":2},"a":{"a":0,"k":[0,0],"ix":1},"s":{"a":0,"k":[100,100],"ix":3},"r":{"a":0,"k":0,"ix":6},"o":{"a":0,"k":100,"ix":7},"sk":{"a":0,"k":0,"ix":4},"sa":{"a":0,"k":0,"ix":5},"nm":"Transform"}],"nm":"Group 1","np":5,"cix":2,"ix":1,"mn":"ADBE Vector Group"}],"ip":0,"op":99,"st":-10,"bm":0,"sr":1},{"ddd":0,"ind":3,"ty":4,"nm":"Paper 7","td":1,"ks":{"o":{"a":0,"k":100},"r":{"a":0,"k":0},"p":{"a":1,"k":[{"i":{"x":0.21,"y":1},"o":{"x":0.79,"y":0},"n":"0p21_1_0p79_0","t":10,"s":[74.625,52.225,0],"e":[74.679,55.479,0],"to":[0,0,0],"ti":[0,0,0]},{"i":{"x":0.21,"y":0.21},"o":{"x":0.79,"y":0.79},"n":"0p21_0p21_0p79_0p79","t":20,"s":[74.679,55.479,0],"e":[74.679,55.479,0],"to":[0,0,0],"ti":[0,0,0]},{"i":{"x":0.21,"y":1},"o":{"x":0.79,"y":0},"n":"0p21_1_0p79_0","t":30,"s":[74.679,55.479,0],"e":[74.786,61.986,0],"to":[0,0,0],"ti":[0,0,0]},{"i":{"x":0.21,"y":0.21},"o":{"x":0.79,"y":0.79},"n":"0p21_0p21_0p79_0p79","t":40,"s":[74.786,61.986,0],"e":[74.786,61.986,0],"to":[0,0,0],"ti":[0,0,0]},{"i":{"x":0.21,"y":1},"o":{"x":0.79,"y":0},"n":"0p21_1_0p79_0","t":50,"s":[74.786,61.986,0],"e":[74.893,68.499,0],"to":[0,0,0],"ti":[0,0,0]},{"i":{"x":0.21,"y":0.21},"o":{"x":0.79,"y":0.79},"n":"0p21_0p21_0p79_0p79","t":60,"s":[74.893,68.499,0],"e":[74.893,68.499,0],"to":[0,0,0],"ti":[0,0,0]},{"i":{"x":0.21,"y":1},"o":{"x":0.79,"y":0},"n":"0p21_1_0p79_0","t":70,"s":[74.893,68.499,0],"e":[75,75,0],"to":[0,0,0],"ti":[0,0,0]},{"t":80}]},"a":{"a":0,"k":[75,75,0]},"s":{"a":1,"k":[{"i":{"x":[0.21,0.21,0.21],"y":[1,1,1]},"o":{"x":[0.79,0.79,0.79],"y":[0,0,0]},"n":["0p21_1_0p79_0","0p21_1_0p79_0","0p21_1_0p79_0"],"t":10,"s":[82.5,82.5,100],"e":[85,85,100]},{"i":{"x":[0.21,0.21,0.21],"y":[1,1,1]},"o":{"x":[0.79,0.79,0.79],"y":[0,0,0]},"n":["0p21_1_0p79_0","0p21_1_0p79_0","0p21_1_0p79_0"],"t":20,"s":[85,85,100],"e":[85,85,100]},{"i":{"x":[0.21,0.21,0.21],"y":[1,1,1]},"o":{"x":[0.79,0.79,0.79],"y":[0,0,0]},"n":["0p21_1_0p79_0","0p21_1_0p79_0","0p21_1_0p79_0"],"t":30,"s":[85,85,100],"e":[90,90,100]},{"i":{"x":[0.21,0.21,0.21],"y":[1,1,1]},"o":{"x":[0.79,0.79,0.79],"y":[0,0,0]},"n":["0p21_1_0p79_0","0p21_1_0p79_0","0p21_1_0p79_0"],"t":40,"s":[90,90,100],"e":[90,90,100]},{"i":{"x":[0.21,0.21,0.21],"y":[1,1,1]},"o":{"x":[0.79,0.79,0.79],"y":[0,0,0]},"n":["0p21_1_0p79_0","0p21_1_0p79_0","0p21_1_0p79_0"],"t":50,"s":[90,90,100],"e":[95,95,100]},{"i":{"x":[0.21,0.21,0.21],"y":[1,1,1]},"o":{"x":[0.79,0.79,0.79],"y":[0,0,0]},"n":["0p21_1_0p79_0","0p21_1_0p79_0","0p21_1_0p79_0"],"t":60,"s":[95,95,100],"e":[95,95,100]},{"i":{"x":[0.21,0.21,0.21],"y":[1,1,1]},"o":{"x":[0.79,0.79,0.79],"y":[0,0,0]},"n":["0p21_1_0p79_0","0p21_1_0p79_0","0p21_1_0p79_0"],"t":70,"s":[95,95,100],"e":[100,100,100]},{"t":80}]}},"ao":0,"shapes":[{"ty":"gr","it":[{"ind":0,"ty":"sh","ix":1,"ks":{"a":0,"k":{"i":[[0,0],[0,0],[0,0],[0,0],[0,0],[0,0]],"o":[[0,0],[0,0],[0,0],[0,0],[0,0],[0,0]],"v":[[31.251,31.981],[25.656,5.539],[-25.275,5.539],[-30.341,31.981],[-33.2,45.876],[34.761,45.876]],"c":true}},"nm":"Path 6","mn":"ADBE Vector Shape - Group"},{"ind":1,"ty":"sh","ix":2,"ks":{"a":0,"k":{"i":[[0,0],[0,0],[0,0],[0,0]],"o":[[0,0],[0,0],[0,0],[0,0]],"v":[[71.743,-67.133],[71.304,102.089],[-74.955,102.117],[-74.515,-67.105]],"c":true}},"nm":"Path 3","mn":"ADBE Vector Shape - Group"},{"ty":"fl","c":{"a":0,"k":[1,1,1,1]},"o":{"a":0,"k":100},"r":1,"nm":"Fill 1","mn":"ADBE Vector Graphic - Fill"},{"ty":"tr","p":{"a":0,"k":[75,72.984],"ix":2},"a":{"a":0,"k":[0,0],"ix":1},"s":{"a":0,"k":[100,100],"ix":3},"r":{"a":0,"k":0,"ix":6},"o":{"a":0,"k":100,"ix":7},"sk":{"a":0,"k":0,"ix":4},"sa":{"a":0,"k":0,"ix":5},"nm":"Transform"}],"nm":"Group 1","np":3,"cix":2,"ix":1,"mn":"ADBE Vector Group"}],"ip":0,"op":99,"st":-10,"bm":0,"sr":1},{"ddd":0,"ind":4,"ty":4,"nm":"Printer 3","tt":1,"ks":{"o":{"a":0,"k":100},"r":{"a":0,"k":0},"p":{"a":0,"k":[75,75,0]},"a":{"a":0,"k":[75,75,0]},"s":{"a":0,"k":[100,100,100]}},"ao":0,"shapes":[{"ty":"gr","it":[{"ind":0,"ty":"sh","ix":1,"ks":{"a":0,"k":{"i":[[0,-4.42],[0,0],[4.161,0],[0,0],[0,0],[0,0],[0,0],[0,0],[0,4.421],[0,0],[-4.679,0],[0,0],[0,0],[0,0],[0,0],[0,0],[0,0],[0,0],[0,0],[0,0]],"o":[[0,0],[0,4.421],[0,0],[0,0],[0,0],[0,0],[0,0],[-4.679,0],[0,0],[0,-4.42],[0,0],[0,0],[0,0],[0,0],[0,0],[0,0],[0,0],[0,0],[0,0],[4.161,0]],"v":[[48.947,-14.171],[48.947,23.92],[41.146,31.981],[33.217,31.981],[26.297,14.853],[-26.25,14.731],[-32.307,31.981],[-40.887,31.981],[-48.947,23.92],[-48.947,-14.171],[-40.887,-22.231],[-30.876,-22.231],[-30.876,-34.451],[-27.366,-34.451],[-25.25,-9.451],[26,-9.701],[27.496,-34.451],[31.006,-34.451],[31.006,-22.231],[41.146,-22.231]],"c":true}},"nm":"Path 6","mn":"ADBE Vector Shape - Group"},{"ind":1,"ty":"sh","ix":2,"ks":{"a":0,"k":{"i":[[0,3.12],[3.12,0],[0,-2.991],[-2.99,0]],"o":[[0,-2.991],[-2.99,0],[0,3.12],[3.12,0]],"v":[[-29.706,-8.06],[-35.427,-13.651],[-41.017,-8.06],[-35.427,-2.47]],"c":true}},"nm":"Path 5","mn":"ADBE Vector Shape - Group"},{"ind":2,"ty":"sh","ix":3,"ks":{"a":0,"k":{"i":[[0,0],[0,0],[0,0],[0,0]],"o":[[0,0],[0,0],[0,0],[0,0]],"v":[[30.096,43.032],[25.156,17.941],[-25.156,17.941],[-28.926,43.032]],"c":true}},"nm":"Path 4","mn":"ADBE Vector Shape - Group"},{"ind":3,"ty":"sh","ix":4,"ks":{"a":0,"k":{"i":[[0,0],[0,0],[0,0],[0,0]],"o":[[0,0],[0,0],[0,0],[0,0]],"v":[[17.876,27.691],[3.445,27.691],[3.445,31.332],[17.876,31.332]],"c":true}},"nm":"Path 1","mn":"ADBE Vector Shape - Group"},{"ind":4,"ty":"sh","ix":5,"ks":{"a":0,"k":{"i":[[0,0],[0,0],[0,0],[0,0]],"o":[[0,0],[0,0],[0,0],[0,0]],"v":[[-2.665,27.691],[-17.096,27.691],[-17.096,31.332],[-2.665,31.332]],"c":true}},"nm":"Path 2","mn":"ADBE Vector Shape - Group"},{"ind":5,"ty":"sh","ix":6,"ks":{"a":0,"k":{"i":[[0,0],[0,0],[0,0],[0,0],[0,0],[0,0]],"o":[[0,0],[0,0],[0,0],[0,0],[0,0],[0,0]],"v":[[33.217,31.981],[36.727,47.842],[-35.166,47.842],[-32.307,31.981],[-27.241,5.539],[27.621,5.539]],"c":true}},"nm":"Path 7","mn":"ADBE Vector Shape - Group"},{"ind":6,"ty":"sh","ix":7,"ks":{"a":0,"k":{"i":[[0,0],[0,0],[0,0],[0,0]],"o":[[0,0],[0,0],[0,0],[0,0]],"v":[[-23.726,-12.611],[23.855,-12.611],[23.855,-42.903],[-23.726,-42.903]],"c":true}},"nm":"Path 3","mn":"ADBE Vector Shape - Group"},{"ind":7,"ty":"sh","ix":8,"ks":{"a":0,"k":{"i":[[0,0],[0,0],[0,0],[0,0]],"o":[[0,0],[0,0],[0,0],[0,0]],"v":[[-27.241,-7.761],[-27.366,-47.842],[27.496,-47.842],[27.621,-7.761]],"c":true}},"nm":"Path 8","mn":"ADBE Vector Shape - Group"},{"ty":"fl","c":{"a":0,"k":[0,0,0,1]},"o":{"a":0,"k":100},"r":1,"nm":"Fill 1","mn":"ADBE Vector Graphic - Fill"},{"ty":"tr","p":{"a":0,"k":[75,72.984],"ix":2},"a":{"a":0,"k":[0,0],"ix":1},"s":{"a":0,"k":[100,100],"ix":3},"r":{"a":0,"k":0,"ix":6},"o":{"a":0,"k":100,"ix":7},"sk":{"a":0,"k":0,"ix":4},"sa":{"a":0,"k":0,"ix":5},"nm":"Transform"}],"nm":"Group 1","np":9,"cix":2,"ix":1,"mn":"ADBE Vector Group"}],"ip":0,"op":99,"st":-10,"bm":0,"sr":1},{"ddd":0,"ind":5,"ty":4,"nm":"Coverup","ks":{"o":{"a":0,"k":100},"r":{"a":0,"k":0},"p":{"a":0,"k":[75,75,0]},"a":{"a":0,"k":[0,0,0]},"s":{"a":0,"k":[100,100,100]}},"ao":0,"shapes":[{"ty":"gr","it":[{"ind":0,"ty":"sh","ix":1,"ks":{"a":0,"k":{"i":[[0,0],[0,0],[0,0],[0,0]],"o":[[0,0],[0,0],[0,0],[0,0]],"v":[[26.833,-24.167],[-25.417,-24.167],[-32,15.471],[37.75,15.471]],"c":true}},"nm":"Path 1","mn":"ADBE Vector Shape - Group"},{"ty":"fl","c":{"a":0,"k":[0,0,0,1]},"o":{"a":0,"k":100},"r":1,"nm":"Fill 1","mn":"ADBE Vector Graphic - Fill"},{"ty":"tr","p":{"a":0,"k":[0,0],"ix":2},"a":{"a":0,"k":[0,0],"ix":1},"s":{"a":0,"k":[100,100],"ix":3},"r":{"a":0,"k":0,"ix":6},"o":{"a":0,"k":100,"ix":7},"sk":{"a":0,"k":0,"ix":4},"sa":{"a":0,"k":0,"ix":5},"nm":"Transform"}],"nm":"Shape 1","np":3,"cix":2,"ix":1,"mn":"ADBE Vector Group"}],"ip":0,"op":99,"st":0,"bm":0,"sr":1}]}