{"v":"4.7.1","fr":60,"ip":0,"op":35,"w":150,"h":150,"nm":"Reload_AnimOff","ddd":0,"assets":[],"layers":[{"ddd":0,"ind":1,"ty":4,"nm":"Circle","ks":{"o":{"a":0,"k":100},"r":{"a":1,"k":[{"i":{"x":[0.667],"y":[1]},"o":{"x":[0.48],"y":[0]},"n":["0p667_1_0p48_0"],"t":2,"s":[0],"e":[460]},{"t":22}]},"p":{"a":1,"k":[{"i":{"x":0.667,"y":0.667},"o":{"x":0.48,"y":0.48},"n":"0p667_0p667_0p48_0p48","t":2,"s":[75,83.667,0],"e":[75,83.667,0],"to":[0,0,0],"ti":[0,0,0]},{"t":22}]},"a":{"a":0,"k":[0,0,0]},"s":{"a":1,"k":[{"i":{"x":[0.667,0.667,0.667],"y":[1,1,1]},"o":{"x":[0.48,0.48,0.48],"y":[0,0,0]},"n":["0p667_1_0p48_0","0p667_1_0p48_0","0p667_1_0p48_0"],"t":2,"s":[100,100,100],"e":[0,0,100]},{"t":22}]}},"ao":0,"shapes":[{"ty":"gr","it":[{"d":1,"ty":"el","s":{"a":0,"k":[57.633,57.633]},"p":{"a":0,"k":[0,0]},"nm":"Ellipse Path 1","mn":"ADBE Vector Shape - Ellipse"},{"ty":"st","c":{"a":0,"k":[0,0,0,1]},"o":{"a":0,"k":100},"w":{"a":0,"k":12},"lc":1,"lj":1,"ml":4,"nm":"Stroke 1","mn":"ADBE Vector Graphic - Stroke"},{"ty":"tr","p":{"a":0,"k":[0,0],"ix":2},"a":{"a":0,"k":[0,0],"ix":1},"s":{"a":0,"k":[100,100],"ix":3},"r":{"a":0,"k":0,"ix":6},"o":{"a":0,"k":100,"ix":7},"sk":{"a":0,"k":0,"ix":4},"sa":{"a":0,"k":0,"ix":5},"nm":"Transform"}],"nm":"Ellipse 1","np":2,"cix":2,"ix":1,"mn":"ADBE Vector Group"},{"ty":"tm","s":{"a":1,"k":[{"i":{"x":[0.667],"y":[1]},"o":{"x":[1],"y":[0]},"n":["0p667_1_1_0"],"t":2,"s":[25],"e":[95]},{"t":22}],"ix":1},"e":{"a":0,"k":100,"ix":2},"o":{"a":0,"k":0,"ix":3},"m":1,"ix":2,"nm":"Trim Paths 1","mn":"ADBE Vector Filter - Trim"}],"ip":0,"op":35,"st":-85,"bm":0,"sr":1},{"ddd":0,"ind":2,"ty":4,"nm":"ArrowHead","parent":1,"ks":{"o":{"a":0,"k":100},"r":{"a":0,"k":0},"p":{"a":0,"k":[-1.556,-29.333,0]},"a":{"a":0,"k":[73.444,54.333,0]},"s":{"a":1,"k":[{"i":{"x":[0.833,0.833,0.833],"y":[0.833,0.833,0.833]},"o":{"x":[0.167,0.167,0.167],"y":[0.167,0.167,0.167]},"n":["0p833_0p833_0p167_0p167","0p833_0p833_0p167_0p167","0p833_0p833_0p167_0p167"],"t":13,"s":[100,100,100],"e":[30,30,100]},{"t":16}]}},"ao":0,"shapes":[{"ty":"gr","it":[{"ind":0,"ty":"sh","ix":1,"ks":{"a":0,"k":{"i":[[-9.231,0],[0,0],[0,0],[0,0],[0,0]],"o":[[0,0],[0,0],[0,0],[0,0],[-12.481,0.13]],"v":[[-0.26,-25.612],[-4.68,-44.592],[31.721,-19.501],[-3.251,7.15],[-0.13,-13.131]],"c":true}},"nm":"Path 1","mn":"ADBE Vector Shape - Group"},{"ty":"fl","c":{"a":0,"k":[0,0,0,1]},"o":{"a":0,"k":100},"r":1,"nm":"Fill 1","mn":"ADBE Vector Graphic - Fill"},{"ty":"tr","p":{"a":0,"k":[74.937,74.188],"ix":2},"a":{"a":0,"k":[0,0],"ix":1},"s":{"a":0,"k":[100,100],"ix":3},"r":{"a":0,"k":0,"ix":6},"o":{"a":0,"k":100,"ix":7},"sk":{"a":0,"k":0,"ix":4},"sa":{"a":0,"k":0,"ix":5},"nm":"Transform"}],"nm":"Group 1","np":2,"cix":2,"ix":1,"mn":"ADBE Vector Group"}],"ip":0,"op":35,"st":-85,"bm":0,"sr":1}]}