{"v":"4.7.1","fr":60,"ip":0,"op":81,"w":150,"h":150,"nm":"Screen_AnimOff","ddd":0,"assets":[],"layers":[{"ddd":0,"ind":1,"ty":4,"nm":"Streak1","ks":{"o":{"a":0,"k":100},"r":{"a":0,"k":0},"p":{"a":0,"k":[95,33.111,0]},"a":{"a":0,"k":[-14,-51.889,0]},"s":{"a":1,"k":[{"i":{"x":[0.833,0.833,0.833],"y":[0.833,0.833,0.833]},"o":{"x":[0.167,0.167,0.167],"y":[0.167,0.167,0.167]},"n":["0p833_0p833_0p167_0p167","0p833_0p833_0p167_0p167","0p833_0p833_0p167_0p167"],"t":37,"s":[0,0,100],"e":[100,100,100]},{"t":39}]}},"ao":0,"shapes":[{"ty":"gr","it":[{"ind":0,"ty":"sh","ix":1,"ks":{"a":0,"k":{"i":[[0,0],[0,0]],"o":[[0,0],[0,0]],"v":[[-14,34],[-14,-63.5]],"c":false}},"nm":"Path 1","mn":"ADBE Vector Shape - Group"},{"ty":"tr","p":{"a":0,"k":[0,0],"ix":2},"a":{"a":0,"k":[0,0],"ix":1},"s":{"a":0,"k":[100,100],"ix":3},"r":{"a":0,"k":0,"ix":6},"o":{"a":0,"k":100,"ix":7},"sk":{"a":0,"k":0,"ix":4},"sa":{"a":0,"k":0,"ix":5},"nm":"Transform"}],"nm":"Shape 1","np":1,"cix":2,"ix":1,"mn":"ADBE Vector Group"},{"ty":"tm","s":{"a":1,"k":[{"i":{"x":[0.833],"y":[0.967]},"o":{"x":[0.333],"y":[0]},"n":["0p833_0p967_0p333_0"],"t":37,"s":[83.1],"e":[44.1]},{"i":{"x":[0.667],"y":[1]},"o":{"x":[0.167],"y":[0.033]},"n":["0p667_1_0p167_0p033"],"t":46,"s":[44.1],"e":[10]},{"t":52}],"ix":1},"e":{"a":1,"k":[{"i":{"x":[0.833],"y":[0.967]},"o":{"x":[0.333],"y":[0]},"n":["0p833_0p967_0p333_0"],"t":37,"s":[83],"e":[68.4]},{"i":{"x":[0.667],"y":[1]},"o":{"x":[0.167],"y":[0.033]},"n":["0p667_1_0p167_0p033"],"t":46,"s":[68.4],"e":[10]},{"t":52}],"ix":2},"o":{"a":0,"k":0,"ix":3},"m":1,"ix":2,"nm":"Trim Paths 1","mn":"ADBE Vector Filter - Trim"},{"ty":"st","c":{"a":0,"k":[0,0,0,1]},"o":{"a":0,"k":100},"w":{"a":0,"k":5},"lc":2,"lj":2,"nm":"Stroke 1","mn":"ADBE Vector Graphic - Stroke"}],"ip":35,"op":57,"st":-123,"bm":0,"sr":1},{"ddd":0,"ind":2,"ty":4,"nm":"Streak3","ks":{"o":{"a":0,"k":100},"r":{"a":0,"k":0},"p":{"a":0,"k":[55,33.111,0]},"a":{"a":0,"k":[-14,-51.889,0]},"s":{"a":1,"k":[{"i":{"x":[0.833,0.833,0.833],"y":[0.833,0.833,0.833]},"o":{"x":[0.167,0.167,0.167],"y":[0.167,0.167,0.167]},"n":["0p833_0p833_0p167_0p167","0p833_0p833_0p167_0p167","0p833_0p833_0p167_0p167"],"t":37,"s":[0,0,100],"e":[100,100,100]},{"t":39}]}},"ao":0,"shapes":[{"ty":"gr","it":[{"ind":0,"ty":"sh","ix":1,"ks":{"a":0,"k":{"i":[[0,0],[0,0]],"o":[[0,0],[0,0]],"v":[[-14,34],[-14,-63.5]],"c":false}},"nm":"Path 1","mn":"ADBE Vector Shape - Group"},{"ty":"tr","p":{"a":0,"k":[0,0],"ix":2},"a":{"a":0,"k":[0,0],"ix":1},"s":{"a":0,"k":[100,100],"ix":3},"r":{"a":0,"k":0,"ix":6},"o":{"a":0,"k":100,"ix":7},"sk":{"a":0,"k":0,"ix":4},"sa":{"a":0,"k":0,"ix":5},"nm":"Transform"}],"nm":"Shape 1","np":1,"cix":2,"ix":1,"mn":"ADBE Vector Group"},{"ty":"tm","s":{"a":1,"k":[{"i":{"x":[0.833],"y":[0.967]},"o":{"x":[0.333],"y":[0]},"n":["0p833_0p967_0p333_0"],"t":37,"s":[83.1],"e":[44.1]},{"i":{"x":[0.667],"y":[1]},"o":{"x":[0.167],"y":[0.033]},"n":["0p667_1_0p167_0p033"],"t":46,"s":[44.1],"e":[10]},{"t":52}],"ix":1},"e":{"a":1,"k":[{"i":{"x":[0.833],"y":[0.967]},"o":{"x":[0.333],"y":[0]},"n":["0p833_0p967_0p333_0"],"t":37,"s":[83],"e":[68.4]},{"i":{"x":[0.667],"y":[1]},"o":{"x":[0.167],"y":[0.033]},"n":["0p667_1_0p167_0p033"],"t":46,"s":[68.4],"e":[10]},{"t":52}],"ix":2},"o":{"a":0,"k":0,"ix":3},"m":1,"ix":2,"nm":"Trim Paths 1","mn":"ADBE Vector Filter - Trim"},{"ty":"st","c":{"a":0,"k":[0,0,0,1]},"o":{"a":0,"k":100},"w":{"a":0,"k":5},"lc":2,"lj":2,"nm":"Stroke 1","mn":"ADBE Vector Graphic - Stroke"}],"ip":35,"op":57,"st":-123,"bm":0,"sr":1},{"ddd":0,"ind":3,"ty":4,"nm":"RightSide","ks":{"o":{"a":0,"k":100},"r":{"a":0,"k":0},"p":{"a":0,"k":[75,75,0]},"a":{"a":0,"k":[75,75,0]},"s":{"a":0,"k":[100,100,100]}},"ao":0,"shapes":[{"ty":"gr","it":[{"ind":0,"ty":"sh","ix":1,"ks":{"a":1,"k":[{"i":{"x":0,"y":1},"o":{"x":0.333,"y":0},"n":"0_1_0p333_0","t":17,"s":[{"i":[[-2.34,0.26],[0,0],[2.47,0],[0,0]],"o":[[0,0],[-2.34,-0.131],[0,0],[2.47,0]],"v":[[34.514,12.133],[34.5,-37.292],[40.222,-37.128],[40.236,12.168]],"c":true}],"e":[{"i":[[-2.34,0.26],[0,0],[2.47,0],[0,0]],"o":[[0,0],[-2.34,-0.131],[0,0],[2.47,0]],"v":[[34.514,12.133],[34.722,-46.792],[40.444,-46.628],[40.236,12.168]],"c":true}]},{"i":{"x":0.667,"y":1},"o":{"x":0.333,"y":0},"n":"0p667_1_0p333_0","t":34,"s":[{"i":[[-2.34,0.26],[0,0],[2.47,0],[0,0]],"o":[[0,0],[-2.34,-0.131],[0,0],[2.47,0]],"v":[[34.514,12.133],[34.722,-46.792],[40.444,-46.628],[40.236,12.168]],"c":true}],"e":[{"i":[[-2.34,0.26],[0,0],[2.47,0],[0,0]],"o":[[0,0],[-2.34,-0.131],[0,0],[2.47,0]],"v":[[34.514,12.133],[34.666,10.208],[40.388,10.372],[40.236,12.168]],"c":true}]},{"t":43}]},"nm":"Path 2","mn":"ADBE Vector Shape - Group"},{"ty":"fl","c":{"a":0,"k":[0,0,0,1]},"o":{"a":0,"k":100},"r":1,"nm":"Fill 1","mn":"ADBE Vector Graphic - Fill"},{"ty":"tr","p":{"a":0,"k":[75.327,74.706],"ix":2},"a":{"a":0,"k":[0,0],"ix":1},"s":{"a":0,"k":[100,100],"ix":3},"r":{"a":0,"k":0,"ix":6},"o":{"a":0,"k":100,"ix":7},"sk":{"a":0,"k":0,"ix":4},"sa":{"a":0,"k":0,"ix":5},"nm":"Transform"}],"nm":"Group 1","np":2,"cix":2,"ix":1,"mn":"ADBE Vector Group"}],"ip":0,"op":44,"st":-125,"bm":0,"sr":1},{"ddd":0,"ind":4,"ty":4,"nm":"LeftSide","ks":{"o":{"a":0,"k":100},"r":{"a":0,"k":0},"p":{"a":0,"k":[75,75,0]},"a":{"a":0,"k":[75,75,0]},"s":{"a":0,"k":[100,100,100]}},"ao":0,"shapes":[{"ty":"gr","it":[{"ind":0,"ty":"sh","ix":1,"ks":{"a":1,"k":[{"i":{"x":0,"y":1},"o":{"x":0.333,"y":0},"n":"0_1_0p333_0","t":17,"s":[{"i":[[-2.34,0.26],[0,0],[2.47,0],[0,0]],"o":[[0,0],[-2.34,-0.131],[0,0],[2.47,0]],"v":[[-40.608,14.582],[-40.549,-38.036],[-34.814,-37.991],[-34.873,14.496]],"c":true}],"e":[{"i":[[-2.34,0.26],[0,0],[2.47,0],[0,0]],"o":[[0,0],[-2.34,-0.131],[0,0],[2.47,0]],"v":[[-40.608,14.582],[-40.364,-45.036],[-34.629,-44.991],[-34.873,14.496]],"c":true}]},{"i":{"x":0.667,"y":1},"o":{"x":0.333,"y":0},"n":"0p667_1_0p333_0","t":34,"s":[{"i":[[-2.34,0.26],[0,0],[2.47,0],[0,0]],"o":[[0,0],[-2.34,-0.131],[0,0],[2.47,0]],"v":[[-40.608,14.582],[-40.364,-45.036],[-34.629,-44.991],[-34.873,14.496]],"c":true}],"e":[{"i":[[-2.34,0.26],[0,0],[2.47,0],[0,0]],"o":[[0,0],[-2.34,-0.131],[0,0],[2.47,0]],"v":[[-40.608,14.582],[-40.493,10.465],[-34.758,10.509],[-34.873,14.496]],"c":true}]},{"t":43}]},"nm":"Path 2","mn":"ADBE Vector Shape - Group"},{"ty":"fl","c":{"a":0,"k":[0,0,0,1]},"o":{"a":0,"k":100},"r":1,"nm":"Fill 1","mn":"ADBE Vector Graphic - Fill"},{"ty":"tr","p":{"a":0,"k":[75.327,74.706],"ix":2},"a":{"a":0,"k":[0,0],"ix":1},"s":{"a":0,"k":[100,100],"ix":3},"r":{"a":0,"k":0,"ix":6},"o":{"a":0,"k":100,"ix":7},"sk":{"a":0,"k":0,"ix":4},"sa":{"a":0,"k":0,"ix":5},"nm":"Transform"}],"nm":"Group 1","np":2,"cix":2,"ix":1,"mn":"ADBE Vector Group"}],"ip":0,"op":44,"st":-125,"bm":0,"sr":1},{"ddd":0,"ind":5,"ty":4,"nm":"Screen Top","parent":8,"ks":{"o":{"a":0,"k":100},"r":{"a":0,"k":0},"p":{"a":1,"k":[{"i":{"x":0,"y":1},"o":{"x":0.333,"y":0},"n":"0_1_0p333_0","t":17,"s":[75.327,34.08,0],"e":[75.327,24.08,0],"to":[0,0,0],"ti":[0,0,0]},{"i":{"x":0.667,"y":1},"o":{"x":0.333,"y":0},"n":"0p667_1_0p333_0","t":34,"s":[75.327,24.08,0],"e":[75.327,81.58,0],"to":[0,0,0],"ti":[0,0,0]},{"i":{"x":0.667,"y":1},"o":{"x":0.333,"y":0},"n":"0p667_1_0p333_0","t":43,"s":[75.327,81.58,0],"e":[75.327,91.866,0],"to":[0,0,0],"ti":[0,0,0]},{"t":50}]},"a":{"a":0,"k":[75.327,34.08,0]},"s":{"a":1,"k":[{"i":{"x":[0.833,0.833,0.833],"y":[1,1,1]},"o":{"x":[0.333,0.333,0.333],"y":[0,0,0]},"n":["0p833_1_0p333_0","0p833_1_0p333_0","0p833_1_0p333_0"],"t":17,"s":[100,100,100],"e":[100,100,100]},{"i":{"x":[0.833,0.833,0.833],"y":[1,1,1]},"o":{"x":[0.167,0.167,0.167],"y":[0,0,0]},"n":["0p833_1_0p167_0","0p833_1_0p167_0","0p833_1_0p167_0"],"t":43,"s":[100,100,100],"e":[0,0,100]},{"t":50}]}},"ao":0,"shapes":[{"ty":"gr","it":[{"ind":0,"ty":"sh","ix":1,"ks":{"a":0,"k":{"i":[[0,0],[0,2.341],[-2.47,0],[0,0],[0,0],[0,0],[0,-2.47],[2.47,0]],"o":[[-2.34,-0.131],[0,-2.47],[0,0],[0,0],[0,0],[2.47,0],[0,2.471],[0,0]],"v":[[-40.626,-31.786],[-44.786,-36.206],[-40.236,-40.626],[-2.664,-40.626],[2.145,-40.626],[40.236,-40.626],[44.786,-36.206],[40.236,-31.656]],"c":true}},"nm":"Path 2","mn":"ADBE Vector Shape - Group"},{"ty":"fl","c":{"a":0,"k":[0,0,0,1]},"o":{"a":0,"k":100},"r":1,"nm":"Fill 1","mn":"ADBE Vector Graphic - Fill"},{"ty":"tr","p":{"a":0,"k":[75.327,74.706],"ix":2},"a":{"a":0,"k":[0,0],"ix":1},"s":{"a":0,"k":[100,100],"ix":3},"r":{"a":0,"k":0,"ix":6},"o":{"a":0,"k":100,"ix":7},"sk":{"a":0,"k":0,"ix":4},"sa":{"a":0,"k":0,"ix":5},"nm":"Transform"}],"nm":"Group 1","np":2,"cix":2,"ix":1,"mn":"ADBE Vector Group"}],"ip":0,"op":81,"st":-125,"bm":0,"sr":1},{"ddd":0,"ind":6,"ty":4,"nm":"Screen Bottom","parent":8,"ks":{"o":{"a":0,"k":100},"r":{"a":0,"k":0},"p":{"a":1,"k":[{"i":{"x":0,"y":1},"o":{"x":0.333,"y":0},"n":"0_1_0p333_0","t":17,"s":[75.327,93.623,0],"e":[75.327,89.623,0],"to":[0,-0.66666668653488,0],"ti":[0,0.25,0]},{"i":{"x":0.667,"y":1},"o":{"x":0.333,"y":0},"n":"0p667_1_0p333_0","t":34,"s":[75.327,89.623,0],"e":[75.327,92.123,0],"to":[0,-0.25,0],"ti":[0,-0.41666665673256,0]},{"t":43}]},"a":{"a":0,"k":[75.327,93.623,0]},"s":{"a":1,"k":[{"i":{"x":[0.833,0.833,0.833],"y":[1,1,1]},"o":{"x":[0.333,0.333,0.333],"y":[0,0,0]},"n":["0p833_1_0p333_0","0p833_1_0p333_0","0p833_1_0p333_0"],"t":17,"s":[100,100,100],"e":[100,100,100]},{"i":{"x":[0.833,0.833,0.833],"y":[1,1,1]},"o":{"x":[0.167,0.167,0.167],"y":[0,0,0]},"n":["0p833_1_0p167_0","0p833_1_0p167_0","0p833_1_0p167_0"],"t":43,"s":[100,100,100],"e":[0,0,100]},{"t":50}]}},"ao":0,"shapes":[{"ty":"gr","it":[{"ind":0,"ty":"sh","ix":1,"ks":{"a":0,"k":{"i":[[0,-2.47],[2.47,0],[0,0],[0,0],[0,0],[0,2.471],[-2.34,0.26],[0,0]],"o":[[0,2.471],[0,0],[0,0],[0,0],[-2.47,0],[0,-2.34],[0,0],[2.47,0]],"v":[[44.786,14.366],[40.236,18.917],[2.665,18.917],[-3.705,18.917],[-40.236,18.917],[-44.786,14.366],[-40.626,9.946],[40.236,9.946]],"c":true}},"nm":"Path 2","mn":"ADBE Vector Shape - Group"},{"ty":"fl","c":{"a":0,"k":[0,0,0,1]},"o":{"a":0,"k":100},"r":1,"nm":"Fill 1","mn":"ADBE Vector Graphic - Fill"},{"ty":"tr","p":{"a":0,"k":[75.327,74.706],"ix":2},"a":{"a":0,"k":[0,0],"ix":1},"s":{"a":0,"k":[100,100],"ix":3},"r":{"a":0,"k":0,"ix":6},"o":{"a":0,"k":100,"ix":7},"sk":{"a":0,"k":0,"ix":4},"sa":{"a":0,"k":0,"ix":5},"nm":"Transform"}],"nm":"Group 1","np":2,"cix":2,"ix":1,"mn":"ADBE Vector Group"}],"ip":0,"op":81,"st":-123,"bm":0,"sr":1},{"ddd":0,"ind":7,"ty":4,"nm":"Pole 2","ks":{"o":{"a":0,"k":100},"r":{"a":0,"k":0},"p":{"a":0,"k":[74.927,113.549,0]},"a":{"a":0,"k":[74.927,113.549,0]},"s":{"a":1,"k":[{"i":{"x":[0.833,0.833,0.833],"y":[1,1,1]},"o":{"x":[0.333,0.333,0.333],"y":[0,0,0]},"n":["0p833_1_0p333_0","0p833_1_0p333_0","0p833_1_0p333_0"],"t":17,"s":[100,100,100],"e":[100,100,100]},{"i":{"x":[0.833,0.833,0.833],"y":[0.833,0.833,0.833]},"o":{"x":[0.167,0.167,0.167],"y":[0.167,0.167,0.167]},"n":["0p833_0p833_0p167_0p167","0p833_0p833_0p167_0p167","0p833_0p833_0p167_0p167"],"t":43,"s":[100,100,100],"e":[0,0,100]},{"t":50}]}},"ao":0,"shapes":[{"ty":"gr","it":[{"ind":0,"ty":"sh","ix":1,"ks":{"a":1,"k":[{"i":{"x":0,"y":1},"o":{"x":0.333,"y":0},"n":"0_1_0p333_0","t":17,"s":[{"i":[[0,0],[0,0],[0,0],[1.95,0.78],[0,0],[0,0],[0.39,4.42],[0,0],[0,0],[-1.429,0.91],[0,0],[0,0]],"o":[[0,0],[0,0],[1.561,0.91],[0,0],[0,0],[-0.389,4.29],[0,0],[0,0],[-1.691,0.65],[0,0],[0,0],[0,0]],"v":[[2.73,13.717],[2.665,22.036],[18.655,33.867],[17.095,36.597],[2.275,29.316],[1.364,42.577],[-2.405,42.577],[-3.315,29.316],[-18.005,36.597],[-19.566,33.867],[-3.705,22.036],[-3.64,13.717]],"c":true}],"e":[{"i":[[0,0],[0,0],[0,0],[1.95,0.78],[0,0],[0,0],[0.39,4.42],[0,0],[0,0],[-1.429,0.91],[0,0],[0,0]],"o":[[0,0],[0,0],[1.561,0.91],[0,0],[0,0],[-0.389,4.29],[0,0],[0,0],[-1.691,0.65],[0,0],[0,0],[0,0]],"v":[[2.76,11.917],[2.665,22.036],[18.655,33.867],[17.095,36.597],[2.275,29.316],[1.364,42.577],[-2.405,42.577],[-3.315,29.316],[-18.005,36.597],[-19.566,33.867],[-3.705,22.036],[-3.61,11.917]],"c":true}]},{"i":{"x":0.667,"y":1},"o":{"x":0.333,"y":0},"n":"0p667_1_0p333_0","t":34,"s":[{"i":[[0,0],[0,0],[0,0],[1.95,0.78],[0,0],[0,0],[0.39,4.42],[0,0],[0,0],[-1.429,0.91],[0,0],[0,0]],"o":[[0,0],[0,0],[1.561,0.91],[0,0],[0,0],[-0.389,4.29],[0,0],[0,0],[-1.691,0.65],[0,0],[0,0],[0,0]],"v":[[2.76,11.917],[2.665,22.036],[18.655,33.867],[17.095,36.597],[2.275,29.316],[1.364,42.577],[-2.405,42.577],[-3.315,29.316],[-18.005,36.597],[-19.566,33.867],[-3.705,22.036],[-3.61,11.917]],"c":true}],"e":[{"i":[[0,0],[0,0],[0,0],[1.95,0.78],[0,0],[0,0],[0.39,4.42],[0,0],[0,0],[-1.429,0.91],[0,0],[0,0]],"o":[[0,0],[0,0],[1.561,0.91],[0,0],[0,0],[-0.389,4.29],[0,0],[0,0],[-1.691,0.65],[0,0],[0,0],[0,0]],"v":[[2.76,13.917],[2.665,22.036],[18.655,33.867],[17.095,36.597],[2.275,29.316],[1.364,42.577],[-2.405,42.577],[-3.315,29.316],[-18.005,36.597],[-19.566,33.867],[-3.705,22.036],[-3.61,13.917]],"c":true}]},{"t":43}]},"nm":"Path 2","mn":"ADBE Vector Shape - Group"},{"ty":"fl","c":{"a":0,"k":[0,0,0,1]},"o":{"a":0,"k":100},"r":1,"nm":"Fill 1","mn":"ADBE Vector Graphic - Fill"},{"ty":"tr","p":{"a":0,"k":[75.327,74.706],"ix":2},"a":{"a":0,"k":[0,0],"ix":1},"s":{"a":0,"k":[100,100],"ix":3},"r":{"a":0,"k":0,"ix":6},"o":{"a":0,"k":100,"ix":7},"sk":{"a":0,"k":0,"ix":4},"sa":{"a":0,"k":0,"ix":5},"nm":"Transform"}],"nm":"Group 1","np":2,"cix":2,"ix":1,"mn":"ADBE Vector Group"},{"ty":"gr","it":[{"ty":"fl","c":{"a":0,"k":[0,0,0,1]},"o":{"a":0,"k":100},"r":1,"nm":"Fill 1","mn":"ADBE Vector Graphic - Fill"},{"ty":"tr","p":{"a":0,"k":[75.327,74.706],"ix":2},"a":{"a":0,"k":[0,0],"ix":1},"s":{"a":0,"k":[100,100],"ix":3},"r":{"a":0,"k":0,"ix":6},"o":{"a":0,"k":100,"ix":7},"sk":{"a":0,"k":0,"ix":4},"sa":{"a":0,"k":0,"ix":5},"nm":"Transform"}],"nm":"Group 2","np":1,"cix":2,"ix":2,"mn":"ADBE Vector Group"}],"ip":0,"op":51,"st":-125,"bm":0,"sr":1},{"ddd":0,"ind":8,"ty":4,"nm":"Pole 3","ks":{"o":{"a":0,"k":100},"r":{"a":0,"k":0},"p":{"a":0,"k":[74.927,113.549,0]},"a":{"a":0,"k":[74.927,113.549,0]},"s":{"a":1,"k":[{"i":{"x":[0.833,0.833,0.833],"y":[1,1,1]},"o":{"x":[0.333,0.333,0.333],"y":[0,0,0]},"n":["0p833_1_0p333_0","0p833_1_0p333_0","0p833_1_0p333_0"],"t":17,"s":[100,100,100],"e":[100,100,100]},{"i":{"x":[0.833,0.833,0.833],"y":[0.833,0.833,0.833]},"o":{"x":[0.167,0.167,0.167],"y":[0.167,0.167,0.167]},"n":["0p833_0p833_0p167_0p167","0p833_0p833_0p167_0p167","0p833_0p833_0p167_0p167"],"t":43,"s":[100,100,100],"e":[0,0,100]},{"t":50}]}},"ao":0,"shapes":[{"ty":"gr","it":[{"ind":0,"ty":"sh","ix":1,"ks":{"a":1,"k":[{"i":{"x":0,"y":1},"o":{"x":0.333,"y":0},"n":"0_1_0p333_0","t":17,"s":[{"i":[[0,0],[0,0],[0,0],[0,0],[0,0],[0,0]],"o":[[0,0],[0,0],[0,0],[0,0],[0,0],[0,0]],"v":[[2.298,-38.841],[-2.802,-38.841],[-2.664,-40.626],[-0.845,-46.997],[0.325,-46.997],[2.145,-40.626]],"c":true}],"e":[{"i":[[0,0],[0,0],[0,0],[0,0],[0,0],[0,0]],"o":[[0,0],[0,0],[0,0],[0,0],[0,0],[0,0]],"v":[[2.29,-46.686],[-2.636,-46.565],[-2.519,-47.626],[-0.7,-53.997],[0.47,-53.997],[2.29,-47.626]],"c":true}]},{"i":{"x":0.667,"y":1},"o":{"x":0.333,"y":0},"n":"0p667_1_0p333_0","t":34,"s":[{"i":[[0,0],[0,0],[0,0],[0,0],[0,0],[0,0]],"o":[[0,0],[0,0],[0,0],[0,0],[0,0],[0,0]],"v":[[2.29,-46.686],[-2.636,-46.565],[-2.519,-47.626],[-0.7,-53.997],[0.47,-53.997],[2.29,-47.626]],"c":true}],"e":[{"i":[[0,0],[0,0],[0,0],[0,0],[0,0],[0,0]],"o":[[0,0],[0,0],[0,0],[0,0],[0,0],[0,0]],"v":[[2.285,11.27],[-2.695,11.319],[-2.729,10.374],[-0.91,4.004],[0.26,4.004],[2.08,10.374]],"c":true}]},{"t":43}]},"nm":"Path 2","mn":"ADBE Vector Shape - Group"},{"ty":"fl","c":{"a":0,"k":[0,0,0,1]},"o":{"a":0,"k":100},"r":1,"nm":"Fill 1","mn":"ADBE Vector Graphic - Fill"},{"ty":"tr","p":{"a":0,"k":[75.327,74.706],"ix":2},"a":{"a":0,"k":[0,0],"ix":1},"s":{"a":0,"k":[100,100],"ix":3},"r":{"a":0,"k":0,"ix":6},"o":{"a":0,"k":100,"ix":7},"sk":{"a":0,"k":0,"ix":4},"sa":{"a":0,"k":0,"ix":5},"nm":"Transform"}],"nm":"Group 1","np":2,"cix":2,"ix":1,"mn":"ADBE Vector Group"}],"ip":0,"op":51,"st":-125,"bm":0,"sr":1}]}