{"v":"4.7.1","fr":60,"ip":0,"op":46,"w":150,"h":150,"nm":"Share_AnimOn","ddd":0,"assets":[],"layers":[{"ddd":0,"ind":1,"ty":4,"nm":"Box","ks":{"o":{"a":0,"k":100},"r":{"a":0,"k":0},"p":{"a":0,"k":[75.75,75,0]},"a":{"a":0,"k":[0,0,0]},"s":{"a":0,"k":[100,100,100]}},"ao":0,"shapes":[{"ty":"gr","it":[{"ind":0,"ty":"sh","ix":1,"ks":{"a":0,"k":{"i":[[0,-0.608],[0,0],[0.608,0],[0,0],[0,0.608],[0,0],[-0.608,0],[0,0]],"o":[[0,0],[0,0.608],[0,0],[-0.608,0],[0,0],[0,-0.608],[0,0],[0.608,0]],"v":[[40.12,-28.944],[40.12,28.944],[39.02,30.044],[-39.02,30.044],[-40.12,28.944],[-40.12,-28.944],[-39.02,-30.044],[39.02,-30.044]],"c":true}},"nm":"Path 1","mn":"ADBE Vector Shape - Group"},{"ty":"tm","s":{"a":1,"k":[{"i":{"x":[0.115],"y":[0.989]},"o":{"x":[0.221],"y":[0.03]},"n":["0p115_0p989_0p221_0p03"],"t":4,"s":[48.1],"e":[14.616]},{"i":{"x":[0.607],"y":[1]},"o":{"x":[0.333],"y":[0.153]},"n":["0p607_1_0p333_0p153"],"t":17,"s":[14.616],"e":[13.1]},{"t":43}],"ix":1},"e":{"a":1,"k":[{"i":{"x":[0.115],"y":[0.993]},"o":{"x":[0.221],"y":[0.03]},"n":["0p115_0p993_0p221_0p03"],"t":4,"s":[51.5],"e":[78.575]},{"i":{"x":[0.607],"y":[1]},"o":{"x":[0.333],"y":[0.115]},"n":["0p607_1_0p333_0p115"],"t":17,"s":[78.575],"e":[79.8]},{"t":43}],"ix":2},"o":{"a":0,"k":0,"ix":3},"m":1,"ix":2,"nm":"Trim Paths 1","mn":"ADBE Vector Filter - Trim"},{"ty":"st","c":{"a":0,"k":[0,0,0,1]},"o":{"a":0,"k":100},"w":{"a":1,"k":[{"i":{"x":[0.833],"y":[0.833]},"o":{"x":[0.167],"y":[0.167]},"n":["0p833_0p833_0p167_0p167"],"t":2,"s":[0],"e":[9.4]},{"t":4}]},"lc":1,"lj":1,"ml":4,"nm":"Stroke 1","mn":"ADBE Vector Graphic - Stroke"},{"ty":"tr","p":{"a":0,"k":[-1.33,3.32],"ix":2},"a":{"a":0,"k":[0,0],"ix":1},"s":{"a":0,"k":[100,100],"ix":3},"r":{"a":0,"k":0,"ix":6},"o":{"a":0,"k":100,"ix":7},"sk":{"a":0,"k":0,"ix":4},"sa":{"a":0,"k":0,"ix":5},"nm":"Transform"}],"nm":"Rectangle 1","np":3,"cix":2,"ix":1,"mn":"ADBE Vector Group"}],"ip":2,"op":46,"st":-6,"bm":0,"sr":1},{"ddd":0,"ind":2,"ty":4,"nm":"Arrow","ks":{"o":{"a":0,"k":100},"r":{"a":1,"k":[{"i":{"x":[0.115],"y":[0.99]},"o":{"x":[0.221],"y":[0.03]},"n":["0p115_0p99_0p221_0p03"],"t":4,"s":[-90.521],"e":[-3.92]},{"i":{"x":[0.607],"y":[1]},"o":{"x":[0.333],"y":[0.172]},"n":["0p607_1_0p333_0p172"],"t":17,"s":[-3.92],"e":[0]},{"t":43}]},"p":{"a":1,"k":[{"i":{"x":0.115,"y":0.97},"o":{"x":0.167,"y":0.167},"n":"0p115_0p97_0p167_0p167","t":4,"s":[61.453,89.431,0],"e":[84.865,56.828,0],"to":[0,0,0],"ti":[-24.797643661499,9.3074836730957,0]},{"i":{"x":0.607,"y":1},"o":{"x":0.333,"y":0.597},"n":"0p607_1_0p333_0p597","t":17,"s":[84.865,56.828,0],"e":[86.703,56.181,0],"to":[0.59725487232208,-0.22417210042477,0],"ti":[-0.62801724672318,0.20742321014404,0]},{"t":43}]},"a":{"a":0,"k":[86.703,56.181,0]},"s":{"a":1,"k":[{"i":{"x":[0.115,0.115,0.667],"y":[0.992,0.992,1]},"o":{"x":[0.221,0.221,0.221],"y":[0.03,0.03,0]},"n":["0p115_0p992_0p221_0p03","0p115_0p992_0p221_0p03","0p667_1_0p221_0"],"t":4,"s":[17.8,17.8,100],"e":[96.441,96.441,100]},{"i":{"x":[0.607,0.607,0.607],"y":[1,1,1]},"o":{"x":[0.333,0.333,0.333],"y":[0.153,0.153,0]},"n":["0p607_1_0p333_0p153","0p607_1_0p333_0p153","0p607_1_0p333_0"],"t":17,"s":[96.441,96.441,100],"e":[100,100,100]},{"t":43}]}},"ao":0,"shapes":[{"ty":"gr","it":[{"ind":0,"ty":"sh","ix":1,"ks":{"a":0,"k":{"i":[[-8.253,9.046],[0,0],[0,0],[0,0],[0,0]],"o":[[0,0],[0,0],[0,0],[0,0],[0,0]],"v":[[15.21,-22.882],[10.661,-41.342],[46.672,-14.691],[10.661,10.531],[15.21,-7.801]],"c":true}},"nm":"Path 1","mn":"ADBE Vector Shape - Group"},{"ty":"fl","c":{"a":0,"k":[0,0,0,1]},"o":{"a":0,"k":100},"r":1,"nm":"Fill 1","mn":"ADBE Vector Graphic - Fill"},{"ty":"tr","p":{"a":0,"k":[76.042,71.586],"ix":2},"a":{"a":0,"k":[0,0],"ix":1},"s":{"a":0,"k":[100,100],"ix":3},"r":{"a":0,"k":0,"ix":6},"o":{"a":0,"k":100,"ix":7},"sk":{"a":0,"k":0,"ix":4},"sa":{"a":0,"k":0,"ix":5},"nm":"Transform"}],"nm":"Group 1","np":2,"cix":2,"ix":1,"mn":"ADBE Vector Group"}],"ip":4,"op":46,"st":-49,"bm":0,"sr":1},{"ddd":0,"ind":3,"ty":4,"nm":"Matte","td":1,"ks":{"o":{"a":0,"k":100},"r":{"a":0,"k":0},"p":{"a":0,"k":[75,75,0]},"a":{"a":0,"k":[0,0,0]},"s":{"a":0,"k":[100,100,100]}},"ao":0,"shapes":[{"ty":"gr","it":[{"ind":0,"ty":"sh","ix":1,"ks":{"a":0,"k":{"i":[[0,0],[-14.248,11.624],[0,0]],"o":[[0,0],[9.5,-7.75],[0,0]],"v":[[-13.75,24],[-1.5,-11],[19,-18.5]],"c":false}},"nm":"Path 1","mn":"ADBE Vector Shape - Group"},{"ty":"tm","s":{"a":1,"k":[{"i":{"x":[0.115],"y":[1]},"o":{"x":[0.221],"y":[0]},"n":["0p115_1_0p221_0"],"t":4,"s":[0],"e":[0]},{"i":{"x":[0.607],"y":[1]},"o":{"x":[0.333],"y":[0]},"n":["0p607_1_0p333_0"],"t":17,"s":[0],"e":[0]},{"t":43}],"ix":1},"e":{"a":1,"k":[{"i":{"x":[0.115],"y":[0.992]},"o":{"x":[0.221],"y":[0.03]},"n":["0p115_0p992_0p221_0p03"],"t":4,"s":[18.7],"e":[96.193]},{"i":{"x":[0.607],"y":[1]},"o":{"x":[0.333],"y":[0.134]},"n":["0p607_1_0p333_0p134"],"t":17,"s":[96.193],"e":[99.7]},{"t":43}],"ix":2},"o":{"a":0,"k":0,"ix":3},"m":1,"ix":2,"nm":"Trim Paths 1","mn":"ADBE Vector Filter - Trim"},{"ty":"st","c":{"a":0,"k":[1,1,1,1]},"o":{"a":0,"k":100},"w":{"a":0,"k":20.8},"lc":1,"lj":1,"ml":4,"nm":"Stroke 1","mn":"ADBE Vector Graphic - Stroke"},{"ty":"tr","p":{"a":0,"k":[0,0],"ix":2},"a":{"a":0,"k":[0,0],"ix":1},"s":{"a":0,"k":[100,100],"ix":3},"r":{"a":0,"k":0,"ix":6},"o":{"a":0,"k":100,"ix":7},"sk":{"a":0,"k":0,"ix":4},"sa":{"a":0,"k":0,"ix":5},"nm":"Transform"}],"nm":"Shape 1","np":3,"cix":2,"ix":1,"mn":"ADBE Vector Group"}],"ip":4,"op":46,"st":-49,"bm":0,"sr":1},{"ddd":0,"ind":4,"ty":4,"nm":"Arrow","tt":1,"ks":{"o":{"a":0,"k":100},"r":{"a":0,"k":0},"p":{"a":0,"k":[75,75,0]},"a":{"a":0,"k":[75,75,0]},"s":{"a":0,"k":[100,100,100]}},"ao":0,"shapes":[{"ty":"gr","it":[{"ind":0,"ty":"sh","ix":1,"ks":{"a":0,"k":{"i":[[-32.5,1.82],[0,0],[1.04,-27.561],[0,0]],"o":[[0,0],[0,0],[0,0],[0,0]],"v":[[15.211,-22.882],[15.211,-7.801],[-12.221,19.37],[-16.9,19.37]],"c":true}},"nm":"Path 1","mn":"ADBE Vector Shape - Group"},{"ty":"fl","c":{"a":0,"k":[0,0,0,1]},"o":{"a":0,"k":100},"r":1,"nm":"Fill 1","mn":"ADBE Vector Graphic - Fill"},{"ty":"tr","p":{"a":0,"k":[76.042,71.586],"ix":2},"a":{"a":0,"k":[0,0],"ix":1},"s":{"a":0,"k":[100,100],"ix":3},"r":{"a":0,"k":0,"ix":6},"o":{"a":0,"k":100,"ix":7},"sk":{"a":0,"k":0,"ix":4},"sa":{"a":0,"k":0,"ix":5},"nm":"Transform"}],"nm":"Group 1","np":2,"cix":2,"ix":1,"mn":"ADBE Vector Group"}],"ip":0,"op":46,"st":-6,"bm":0,"sr":1}]}