{"v":"4.7.1","fr":60,"ip":0,"op":25,"w":150,"h":150,"nm":"Share_AnimOff","ddd":0,"assets":[],"layers":[{"ddd":0,"ind":1,"ty":4,"nm":"Box","ks":{"o":{"a":0,"k":100},"r":{"a":0,"k":0},"p":{"a":0,"k":[75.75,75,0]},"a":{"a":0,"k":[0,0,0]},"s":{"a":0,"k":[100,100,100]}},"ao":0,"shapes":[{"ty":"gr","it":[{"ind":0,"ty":"sh","ix":1,"ks":{"a":0,"k":{"i":[[0,-0.608],[0,0],[0.608,0],[0,0],[0,0.608],[0,0],[-0.608,0],[0,0]],"o":[[0,0],[0,0.608],[0,0],[-0.608,0],[0,0],[0,-0.608],[0,0],[0.608,0]],"v":[[40.12,-28.944],[40.12,28.944],[39.02,30.044],[-39.02,30.044],[-40.12,28.944],[-40.12,-28.944],[-39.02,-30.044],[39.02,-30.044]],"c":true}},"nm":"Path 1","mn":"ADBE Vector Shape - Group"},{"ty":"tm","s":{"a":1,"k":[{"i":{"x":[0.833],"y":[0.967]},"o":{"x":[0.9],"y":[0]},"n":["0p833_0p967_0p9_0"],"t":2,"s":[13.1],"e":[48.1]},{"t":22}],"ix":1},"e":{"a":1,"k":[{"i":{"x":[0.833],"y":[0.967]},"o":{"x":[0.9],"y":[0]},"n":["0p833_0p967_0p9_0"],"t":2,"s":[79.8],"e":[51.5]},{"t":22}],"ix":2},"o":{"a":0,"k":0,"ix":3},"m":1,"ix":2,"nm":"Trim Paths 1","mn":"ADBE Vector Filter - Trim"},{"ty":"st","c":{"a":0,"k":[0,0,0,1]},"o":{"a":0,"k":100},"w":{"a":0,"k":9.4},"lc":1,"lj":1,"ml":4,"nm":"Stroke 1","mn":"ADBE Vector Graphic - Stroke"},{"ty":"tr","p":{"a":0,"k":[-1.33,3.32],"ix":2},"a":{"a":0,"k":[0,0],"ix":1},"s":{"a":0,"k":[100,100],"ix":3},"r":{"a":0,"k":0,"ix":6},"o":{"a":0,"k":100,"ix":7},"sk":{"a":0,"k":0,"ix":4},"sa":{"a":0,"k":0,"ix":5},"nm":"Transform"}],"nm":"Rectangle 1","np":3,"cix":2,"ix":1,"mn":"ADBE Vector Group"}],"ip":0,"op":23,"st":-101,"bm":0,"sr":1},{"ddd":0,"ind":2,"ty":4,"nm":"Arrow","ks":{"o":{"a":0,"k":100},"r":{"a":1,"k":[{"i":{"x":[0.833],"y":[0.967]},"o":{"x":[0.9],"y":[0]},"n":["0p833_0p967_0p9_0"],"t":2,"s":[0],"e":[-90.521]},{"t":22}]},"p":{"a":1,"k":[{"i":{"x":0.833,"y":0.833},"o":{"x":0.9,"y":0},"n":"0p833_0p833_0p9_0","t":2,"s":[86.703,56.181,0],"e":[61.453,89.431,0],"to":[-22.7028961181641,0.06950378417969,0],"ti":[0,0,0]},{"t":22}]},"a":{"a":0,"k":[86.703,56.181,0]},"s":{"a":1,"k":[{"i":{"x":[0.833,0.833,0.833],"y":[0.967,0.967,1]},"o":{"x":[0.9,0.9,0.9],"y":[0,0,0]},"n":["0p833_0p967_0p9_0","0p833_0p967_0p9_0","0p833_1_0p9_0"],"t":2,"s":[100,100,100],"e":[17.8,17.8,100]},{"t":22}]}},"ao":0,"shapes":[{"ty":"gr","it":[{"ind":0,"ty":"sh","ix":1,"ks":{"a":0,"k":{"i":[[-8.253,9.046],[0,0],[0,0],[0,0],[0,0]],"o":[[0,0],[0,0],[0,0],[0,0],[0,0]],"v":[[15.21,-22.882],[10.661,-41.342],[46.672,-14.691],[10.661,10.531],[15.21,-7.801]],"c":true}},"nm":"Path 1","mn":"ADBE Vector Shape - Group"},{"ty":"fl","c":{"a":0,"k":[0,0,0,1]},"o":{"a":0,"k":100},"r":1,"nm":"Fill 1","mn":"ADBE Vector Graphic - Fill"},{"ty":"tr","p":{"a":0,"k":[76.042,71.586],"ix":2},"a":{"a":0,"k":[0,0],"ix":1},"s":{"a":0,"k":[100,100],"ix":3},"r":{"a":0,"k":0,"ix":6},"o":{"a":0,"k":100,"ix":7},"sk":{"a":0,"k":0,"ix":4},"sa":{"a":0,"k":0,"ix":5},"nm":"Transform"}],"nm":"Group 1","np":2,"cix":2,"ix":1,"mn":"ADBE Vector Group"}],"ip":0,"op":23,"st":-144,"bm":0,"sr":1},{"ddd":0,"ind":3,"ty":4,"nm":"Matte","td":1,"ks":{"o":{"a":0,"k":100},"r":{"a":0,"k":0},"p":{"a":0,"k":[75,75,0]},"a":{"a":0,"k":[0,0,0]},"s":{"a":0,"k":[100,100,100]}},"ao":0,"shapes":[{"ty":"gr","it":[{"ind":0,"ty":"sh","ix":1,"ks":{"a":0,"k":{"i":[[0,0],[-14.248,11.624],[0,0]],"o":[[0,0],[9.5,-7.75],[0,0]],"v":[[-13.75,24],[-1.5,-11],[19,-18.5]],"c":false}},"nm":"Path 1","mn":"ADBE Vector Shape - Group"},{"ty":"tm","s":{"a":1,"k":[{"i":{"x":[0.833],"y":[1]},"o":{"x":[0.9],"y":[0]},"n":["0p833_1_0p9_0"],"t":2,"s":[0],"e":[0]},{"t":22}],"ix":1},"e":{"a":1,"k":[{"i":{"x":[0.833],"y":[0.967]},"o":{"x":[0.9],"y":[0]},"n":["0p833_0p967_0p9_0"],"t":2,"s":[99.7],"e":[18.7]},{"t":22}],"ix":2},"o":{"a":0,"k":0,"ix":3},"m":1,"ix":2,"nm":"Trim Paths 1","mn":"ADBE Vector Filter - Trim"},{"ty":"st","c":{"a":0,"k":[1,1,1,1]},"o":{"a":0,"k":100},"w":{"a":0,"k":20.8},"lc":1,"lj":1,"ml":4,"nm":"Stroke 1","mn":"ADBE Vector Graphic - Stroke"},{"ty":"tr","p":{"a":0,"k":[0,0],"ix":2},"a":{"a":0,"k":[0,0],"ix":1},"s":{"a":0,"k":[100,100],"ix":3},"r":{"a":0,"k":0,"ix":6},"o":{"a":0,"k":100,"ix":7},"sk":{"a":0,"k":0,"ix":4},"sa":{"a":0,"k":0,"ix":5},"nm":"Transform"}],"nm":"Shape 1","np":3,"cix":2,"ix":1,"mn":"ADBE Vector Group"}],"ip":0,"op":23,"st":-144,"bm":0,"sr":1},{"ddd":0,"ind":4,"ty":4,"nm":"Arrow","tt":1,"ks":{"o":{"a":0,"k":100},"r":{"a":0,"k":0},"p":{"a":0,"k":[75,75,0]},"a":{"a":0,"k":[75,75,0]},"s":{"a":0,"k":[100,100,100]}},"ao":0,"shapes":[{"ty":"gr","it":[{"ind":0,"ty":"sh","ix":1,"ks":{"a":0,"k":{"i":[[-32.5,1.82],[0,0],[1.04,-27.561],[0,0]],"o":[[0,0],[0,0],[0,0],[0,0]],"v":[[15.211,-22.882],[15.211,-7.801],[-12.221,19.37],[-16.9,19.37]],"c":true}},"nm":"Path 1","mn":"ADBE Vector Shape - Group"},{"ty":"fl","c":{"a":0,"k":[0,0,0,1]},"o":{"a":0,"k":100},"r":1,"nm":"Fill 1","mn":"ADBE Vector Graphic - Fill"},{"ty":"tr","p":{"a":0,"k":[76.042,71.586],"ix":2},"a":{"a":0,"k":[0,0],"ix":1},"s":{"a":0,"k":[100,100],"ix":3},"r":{"a":0,"k":0,"ix":6},"o":{"a":0,"k":100,"ix":7},"sk":{"a":0,"k":0,"ix":4},"sa":{"a":0,"k":0,"ix":5},"nm":"Transform"}],"nm":"Group 1","np":2,"cix":2,"ix":1,"mn":"ADBE Vector Group"}],"ip":0,"op":25,"st":-101,"bm":0,"sr":1}]}