{"v":"4.7.1","fr":60,"ip":0,"op":36,"w":150,"h":150,"nm":"ShoppingCart_AnimOff","ddd":0,"assets":[],"layers":[{"ddd":0,"ind":1,"ty":4,"nm":"Shape Layer 1","parent":5,"ks":{"o":{"a":0,"k":100},"r":{"a":0,"k":0},"p":{"a":0,"k":[354,-319.667,0]},"a":{"a":0,"k":[0,0,0]},"s":{"a":0,"k":[100,100,100]}},"ao":0,"shapes":[{"ty":"gr","it":[{"ind":0,"ty":"sh","ix":1,"ks":{"a":0,"k":{"i":[[0,0],[28,-4],[-1,-53],[-25,0],[0,0]],"o":[[0,0],[-28,4],[1,52.991],[36,0],[0,0]],"v":[[-148,-14],[-175,-11],[-247,66],[-173,136],[337,136]],"c":false}},"nm":"Path 1","mn":"ADBE Vector Shape - Group"},{"ty":"st","c":{"a":0,"k":[0,0,0,1]},"o":{"a":0,"k":100},"w":{"a":0,"k":86},"lc":2,"lj":1,"ml":4,"nm":"Stroke 1","mn":"ADBE Vector Graphic - Stroke"},{"ty":"tr","p":{"a":0,"k":[0,0],"ix":2},"a":{"a":0,"k":[0,0],"ix":1},"s":{"a":0,"k":[100,100],"ix":3},"r":{"a":0,"k":0,"ix":6},"o":{"a":0,"k":100,"ix":7},"sk":{"a":0,"k":0,"ix":4},"sa":{"a":0,"k":0,"ix":5},"nm":"Transform"}],"nm":"Shape 1","np":2,"cix":2,"ix":1,"mn":"ADBE Vector Group"}],"ip":0,"op":36,"st":-165,"bm":0,"sr":1},{"ddd":0,"ind":2,"ty":1,"nm":"Rotator","parent":5,"ks":{"o":{"a":0,"k":0},"r":{"a":0,"k":0},"p":{"a":0,"k":[205.941,-333.843,0]},"a":{"a":0,"k":[60,60,0]},"s":{"a":0,"k":[100,100,100]}},"ao":0,"sw":120,"sh":120,"sc":"#ffffff","ip":0,"op":36,"st":-163,"bm":0,"sr":1},{"ddd":0,"ind":3,"ty":4,"nm":"Cart","parent":2,"ks":{"o":{"a":0,"k":100},"r":{"a":0,"k":0},"p":{"a":0,"k":[208.059,74.176,0]},"a":{"a":0,"k":[75,75,0]},"s":{"a":0,"k":[1000,1000,100]}},"ao":0,"shapes":[{"ty":"gr","it":[{"ind":0,"ty":"sh","ix":1,"ks":{"a":0,"k":{"i":[[0,0],[0,0],[0,0],[0,0]],"o":[[0,0],[0,0],[0,0],[0,0]],"v":[[38.091,-12.09],[24.311,-12.09],[26.391,-3.9],[38.091,-5.07]],"c":true}},"nm":"Path 1","mn":"ADBE Vector Shape - Group"},{"ind":1,"ty":"sh","ix":2,"ks":{"a":0,"k":{"i":[[0,0],[0,0],[0,0],[0,0]],"o":[[0,0],[0,0],[0,0],[0,0]],"v":[[38.091,-25.872],[21.32,-25.872],[23.271,-16.77],[38.091,-16.77]],"c":true}},"nm":"Path 3","mn":"ADBE Vector Shape - Group"},{"ind":2,"ty":"sh","ix":3,"ks":{"a":0,"k":{"i":[[0,0],[0,0],[0,0],[0,0]],"o":[[0,0],[0,0],[0,0],[0,0]],"v":[[22.101,-3.251],[19.501,-12.09],[7.151,-12.09],[10.401,-2.081]],"c":true}},"nm":"Path 4","mn":"ADBE Vector Shape - Group"},{"ind":3,"ty":"sh","ix":4,"ks":{"a":0,"k":{"i":[[0,0],[0,0],[0,0],[0,0]],"o":[[0,0],[0,0],[0,0],[0,0]],"v":[[3.121,-25.872],[5.851,-16.77],[18.721,-16.77],[16.641,-25.872]],"c":true}},"nm":"Path 5","mn":"ADBE Vector Shape - Group"},{"ind":4,"ty":"sh","ix":5,"ks":{"a":0,"k":{"i":[[0,0],[0,0],[0,0],[0,0]],"o":[[0,0],[0,0],[0,0],[0,0]],"v":[[5.851,-1.561],[2.47,-12.09],[-12.22,-12.09],[-6.89,-0.26]],"c":true}},"nm":"Path 6","mn":"ADBE Vector Shape - Group"},{"ind":5,"ty":"sh","ix":6,"ks":{"a":0,"k":{"i":[[0,0],[0,0],[0,0],[0,0]],"o":[[0,0],[0,0],[0,0],[0,0]],"v":[[-14.17,-16.77],[1.3,-16.77],[-1.559,-25.872],[-18.46,-25.872]],"c":true}},"nm":"Path 7","mn":"ADBE Vector Shape - Group"},{"ind":6,"ty":"sh","ix":7,"ks":{"a":0,"k":{"i":[[0,0],[0,-2.859],[0,0],[2.729,-0.261],[0,0],[0,0],[0,0],[0,0],[0,2.6],[-2.6,0],[0,0],[-4.81,-10.14]],"o":[[3.9,0],[0,0],[0,2.73],[0,0],[0,0],[0,0],[0,0],[-2.6,0],[0,-2.6],[0,0],[8.32,0],[0,0]],"v":[[39.522,-32.891],[45.241,-27.691],[45.241,-3.38],[40.432,1.821],[-12.09,7.67],[-14.95,-0.001],[-31.201,-35.622],[-40.561,-35.622],[-45.241,-40.301],[-40.561,-44.982],[-34.581,-44.982],[-21.32,-32.891]],"c":true}},"nm":"Path 9","mn":"ADBE Vector Shape - Group"},{"ty":"mm","mm":1,"nm":"Merge Paths 1","mn":"ADBE Vector Filter - Merge"},{"ty":"fl","c":{"a":0,"k":[0,0,0,1]},"o":{"a":0,"k":100},"r":1,"nm":"Fill 1","mn":"ADBE Vector Graphic - Fill"},{"ty":"tr","p":{"a":0,"k":[70.386,70.416],"ix":2},"a":{"a":0,"k":[0,0],"ix":1},"s":{"a":0,"k":[100,100],"ix":3},"r":{"a":0,"k":0,"ix":6},"o":{"a":0,"k":100,"ix":7},"sk":{"a":0,"k":0,"ix":4},"sa":{"a":0,"k":0,"ix":5},"nm":"Transform"}],"nm":"Group 1","np":9,"cix":2,"ix":1,"mn":"ADBE Vector Group"}],"ip":0,"op":36,"st":-165,"bm":0,"sr":1},{"ddd":0,"ind":4,"ty":4,"nm":"Cart","parent":5,"ks":{"o":{"a":0,"k":100},"r":{"a":0,"k":0},"p":{"s":true,"x":{"a":0,"k":-19.745},"y":{"a":0,"k":84.309}},"a":{"a":0,"k":[37.626,115.398,0]},"s":{"a":0,"k":[1000,1000,100]}},"ao":0,"shapes":[{"ty":"gr","it":[{"ind":0,"ty":"sh","ix":1,"ks":{"a":0,"k":{"i":[[0,-4.551],[4.551,0],[0,4.42],[-4.55,0]],"o":[[0,4.42],[-4.55,0],[0,-4.551],[4.551,0]],"v":[[38.482,36.922],[30.421,44.982],[22.231,36.922],[30.421,28.732]],"c":true}},"nm":"Path 2","mn":"ADBE Vector Shape - Group"},{"ind":1,"ty":"sh","ix":2,"ks":{"a":0,"k":{"i":[[0,-4.551],[4.681,0],[0,4.42],[-4.419,0]],"o":[[0,4.42],[-4.419,0],[0,-4.551],[4.681,0]],"v":[[-16.51,36.922],[-24.701,44.982],[-32.761,36.922],[-24.701,28.732]],"c":true}},"nm":"Path 8","mn":"ADBE Vector Shape - Group"},{"ty":"mm","mm":1,"nm":"Merge Paths 1","mn":"ADBE Vector Filter - Merge"},{"ty":"fl","c":{"a":0,"k":[0,0,0,1]},"o":{"a":0,"k":100},"r":1,"nm":"Fill 1","mn":"ADBE Vector Graphic - Fill"},{"ty":"tr","p":{"a":0,"k":[70.386,70.416],"ix":2},"a":{"a":0,"k":[0,0],"ix":1},"s":{"a":0,"k":[100,100],"ix":3},"r":{"a":0,"k":0,"ix":6},"o":{"a":0,"k":100,"ix":7},"sk":{"a":0,"k":0,"ix":4},"sa":{"a":0,"k":0,"ix":5},"nm":"Transform"}],"nm":"Group 1","np":4,"cix":2,"ix":1,"mn":"ADBE Vector Group"}],"ip":0,"op":36,"st":-165,"bm":0,"sr":1},{"ddd":0,"ind":5,"ty":1,"nm":"BackWheel","parent":6,"ks":{"o":{"a":0,"k":0},"r":{"a":1,"k":[{"i":{"x":[0.07],"y":[1]},"o":{"x":[0.333],"y":[0]},"n":["0p07_1_0p333_0"],"t":8,"s":[0],"e":[-12.9]},{"t":28}]},"p":{"s":true,"x":{"a":0,"k":-492},"y":{"a":0,"k":84.167}},"a":{"a":0,"k":[60,84.167,0]},"s":{"a":0,"k":[100,100,100]}},"ao":0,"sw":120,"sh":120,"sc":"#ffffff","ip":0,"op":36,"st":-165,"bm":0,"sr":1},{"ddd":0,"ind":6,"ty":1,"nm":"FrontWheel","ks":{"o":{"a":0,"k":0},"r":{"a":0,"k":0},"p":{"a":1,"k":[{"i":{"x":0.667,"y":1},"o":{"x":0.167,"y":0.167},"n":"0p667_1_0p167_0p167","t":4,"s":[96.8,115.383,0],"e":[94.2,115.383,0],"to":[0,0,0],"ti":[0,0,0]},{"i":{"x":0.833,"y":0.833},"o":{"x":0.333,"y":0},"n":"0p833_0p833_0p333_0","t":8,"s":[94.2,115.383,0],"e":[146.8,115.383,0],"to":[0,0,0],"ti":[0,0,0]},{"t":34}]},"a":{"a":0,"k":[60,84.167,0]},"s":{"a":1,"k":[{"i":{"x":[0.833,0.833,0.833],"y":[0.967,0.967,1]},"o":{"x":[0.333,0.333,0.333],"y":[0,0,0]},"n":["0p833_0p967_0p333_0","0p833_0p967_0p333_0","0p833_1_0p333_0"],"t":20,"s":[10,10,100],"e":[0,0,100]},{"t":34}]}},"ao":0,"sw":120,"sh":120,"sc":"#ffffff","ip":0,"op":36,"st":-165,"bm":0,"sr":1}]}