{"v":"4.7.1","fr":60,"ip":0,"op":28,"w":150,"h":150,"nm":"Telephone_AnimOff","ddd":0,"assets":[],"layers":[{"ddd":0,"ind":1,"ty":3,"nm":"Controller","ks":{"o":{"a":0,"k":0},"r":{"a":0,"k":0},"p":{"a":1,"k":[{"i":{"x":0.23,"y":1},"o":{"x":0.333,"y":0},"n":"0p23_1_0p333_0","t":2,"s":[74.94,115.928,0],"e":[74.94,99.928,0],"to":[0,0,0],"ti":[0,0,0]},{"i":{"x":0.833,"y":1},"o":{"x":0.77,"y":0},"n":"0p833_1_0p77_0","t":8,"s":[74.94,99.928,0],"e":[74.94,145.928,0],"to":[0,0,0],"ti":[0,0,0]},{"t":21}]},"a":{"a":0,"k":[60,60,0]},"s":{"a":1,"k":[{"i":{"x":[0.23,0.23,0.23],"y":[1,1,1]},"o":{"x":[0.167,0.167,0.167],"y":[0,0,0]},"n":["0p23_1_0p167_0","0p23_1_0p167_0","0p23_1_0p167_0"],"t":2,"s":[100,100,100],"e":[100,100,100]},{"i":{"x":[0.833,0.833,0.833],"y":[1,1,1]},"o":{"x":[0.77,0.77,0.77],"y":[0,0,0]},"n":["0p833_1_0p77_0","0p833_1_0p77_0","0p833_1_0p77_0"],"t":8,"s":[100,100,100],"e":[0,0,100]},{"t":21}]}},"ao":0,"ip":0,"op":28,"st":-108,"bm":0,"sr":1},{"ddd":0,"ind":2,"ty":4,"nm":"Phone","parent":1,"ks":{"o":{"a":0,"k":100},"r":{"a":0,"k":0},"p":{"a":0,"k":[60,60,0]},"a":{"a":0,"k":[74.94,112.928,0]},"s":{"a":0,"k":[100,100,100]}},"ao":0,"shapes":[{"ty":"gr","it":[{"ind":0,"ty":"sh","ix":1,"ks":{"a":0,"k":{"i":[[-2.601,0],[0,2.601],[2.6,0],[0,-2.599]],"o":[[2.6,0],[0,-2.599],[-2.601,0],[0,2.601]],"v":[[12.286,33.737],[16.965,29.186],[12.286,24.507],[7.734,29.186]],"c":true}},"nm":"Path 1","mn":"ADBE Vector Shape - Group"},{"ind":1,"ty":"sh","ix":2,"ks":{"a":0,"k":{"i":[[-2.601,0],[0,2.6],[2.6,0],[0,-2.6]],"o":[[2.6,0],[0,-2.6],[-2.601,0],[0,2.6]],"v":[[12.286,21.776],[16.965,17.226],[12.286,12.546],[7.734,17.226]],"c":true}},"nm":"Path 2","mn":"ADBE Vector Shape - Group"},{"ind":2,"ty":"sh","ix":3,"ks":{"a":0,"k":{"i":[[-2.601,0],[0,2.6],[2.6,0],[0,-2.6]],"o":[[2.6,0],[0,-2.6],[-2.601,0],[0,2.6]],"v":[[12.286,9.816],[16.965,5.265],[12.286,0.585],[7.734,5.265]],"c":true}},"nm":"Path 3","mn":"ADBE Vector Shape - Group"},{"ind":3,"ty":"sh","ix":4,"ks":{"a":0,"k":{"i":[[-2.601,0],[0,2.6],[2.6,0],[0,-2.6]],"o":[[2.6,0],[0,-2.6],[-2.601,0],[0,2.6]],"v":[[12.286,-2.145],[16.965,-6.695],[12.286,-11.375],[7.734,-6.695]],"c":true}},"nm":"Path 4","mn":"ADBE Vector Shape - Group"},{"ind":4,"ty":"sh","ix":5,"ks":{"a":0,"k":{"i":[[-2.601,0],[0,2.601],[2.599,0],[0,-2.599]],"o":[[2.599,0],[0,-2.599],[-2.601,0],[0,2.601]],"v":[[-0.065,33.737],[4.615,29.186],[-0.065,24.507],[-4.615,29.186]],"c":true}},"nm":"Path 5","mn":"ADBE Vector Shape - Group"},{"ind":5,"ty":"sh","ix":6,"ks":{"a":0,"k":{"i":[[-2.601,0],[0,2.6],[2.599,0],[0,-2.6]],"o":[[2.599,0],[0,-2.6],[-2.601,0],[0,2.6]],"v":[[-0.065,21.776],[4.615,17.226],[-0.065,12.546],[-4.615,17.226]],"c":true}},"nm":"Path 6","mn":"ADBE Vector Shape - Group"},{"ind":6,"ty":"sh","ix":7,"ks":{"a":0,"k":{"i":[[-2.601,0],[0,2.6],[2.599,0],[0,-2.6]],"o":[[2.599,0],[0,-2.6],[-2.601,0],[0,2.6]],"v":[[-0.065,9.816],[4.615,5.265],[-0.065,0.585],[-4.615,5.265]],"c":true}},"nm":"Path 7","mn":"ADBE Vector Shape - Group"},{"ind":7,"ty":"sh","ix":8,"ks":{"a":0,"k":{"i":[[-2.601,0],[0,2.6],[2.599,0],[0,-2.6]],"o":[[2.599,0],[0,-2.6],[-2.601,0],[0,2.6]],"v":[[-0.065,-2.145],[4.615,-6.695],[-0.065,-11.375],[-4.615,-6.695]],"c":true}},"nm":"Path 8","mn":"ADBE Vector Shape - Group"},{"ind":8,"ty":"sh","ix":9,"ks":{"a":0,"k":{"i":[[-2.6,0],[0,2.601],[2.6,0],[0,-2.599]],"o":[[2.6,0],[0,-2.599],[-2.6,0],[0,2.601]],"v":[[-12.415,33.737],[-7.736,29.186],[-12.415,24.507],[-16.965,29.186]],"c":true}},"nm":"Path 9","mn":"ADBE Vector Shape - Group"},{"ind":9,"ty":"sh","ix":10,"ks":{"a":0,"k":{"i":[[-2.6,0],[0,2.6],[2.6,0],[0,-2.6]],"o":[[2.6,0],[0,-2.6],[-2.6,0],[0,2.6]],"v":[[-12.415,21.776],[-7.736,17.226],[-12.415,12.546],[-16.965,17.226]],"c":true}},"nm":"Path 10","mn":"ADBE Vector Shape - Group"},{"ind":10,"ty":"sh","ix":11,"ks":{"a":0,"k":{"i":[[-2.6,0],[0,2.6],[2.6,0],[0,-2.6]],"o":[[2.6,0],[0,-2.6],[-2.6,0],[0,2.6]],"v":[[-12.415,9.816],[-7.736,5.265],[-12.415,0.585],[-16.965,5.265]],"c":true}},"nm":"Path 11","mn":"ADBE Vector Shape - Group"},{"ind":11,"ty":"sh","ix":12,"ks":{"a":0,"k":{"i":[[-2.6,0],[0,2.6],[2.6,0],[0,-2.6]],"o":[[2.6,0],[0,-2.6],[-2.6,0],[0,2.6]],"v":[[-12.415,-2.145],[-7.736,-6.695],[-12.415,-11.375],[-16.965,-6.695]],"c":true}},"nm":"Path 12","mn":"ADBE Vector Shape - Group"},{"ind":12,"ty":"sh","ix":13,"ks":{"a":0,"k":{"i":[[0,0],[0,0],[0,0],[5.07,0],[0,0],[0,4.81],[0,0],[0,0],[0,0],[0,0],[-2.86,0],[0,0],[0,-2.73],[0,0],[0,0],[0,0],[-2.731,0],[0,0],[0,-2.73],[0,0]],"o":[[0,0],[0,0],[0,4.81],[0,0],[-4.681,0],[0,0],[0,0],[0,0],[0,0],[0,-2.73],[0,0],[2.86,0],[0,0],[0,0],[0,0],[0,-2.73],[0,0],[2.86,0],[0,0],[0,0]],"v":[[33.898,-24.862],[33.735,-13.586],[33.735,35.947],[25.156,44.397],[-25.156,44.397],[-33.736,35.947],[-33.736,-13.586],[-34.023,-25.362],[-20.995,-38.806],[-20.995,-39.326],[-15.796,-44.397],[-14.626,-44.397],[-9.556,-39.326],[-9.556,-38.806],[9.685,-38.806],[9.685,-39.326],[14.625,-44.397],[15.925,-44.397],[20.996,-39.326],[20.996,-38.806]],"c":true}},"nm":"Path 13","mn":"ADBE Vector Shape - Group"},{"ty":"fl","c":{"a":0,"k":[0,0,0,1]},"o":{"a":0,"k":100},"r":1,"nm":"Fill 1","mn":"ADBE Vector Graphic - Fill"},{"ty":"tr","p":{"a":0,"k":[75.003,68.531],"ix":2},"a":{"a":0,"k":[0,0],"ix":1},"s":{"a":0,"k":[100,100],"ix":3},"r":{"a":0,"k":0,"ix":6},"o":{"a":0,"k":100,"ix":7},"sk":{"a":0,"k":0,"ix":4},"sa":{"a":0,"k":0,"ix":5},"nm":"Transform"}],"nm":"Group 1","np":14,"cix":2,"ix":1,"mn":"ADBE Vector Group"}],"ip":0,"op":28,"st":-61,"bm":0,"sr":1},{"ddd":0,"ind":3,"ty":4,"nm":"Phone","parent":1,"ks":{"o":{"a":0,"k":100},"r":{"a":1,"k":[{"i":{"x":[0.657],"y":[1]},"o":{"x":[0.324],"y":[0.001]},"n":["0p657_1_0p324_0p001"],"t":8,"s":[0],"e":[0]},{"i":{"x":[0.667],"y":[1]},"o":{"x":[0.77],"y":[0]},"n":["0p667_1_0p77_0"],"t":11,"s":[0],"e":[-4.4]},{"t":20}]},"p":{"a":1,"k":[{"i":{"x":0.657,"y":1},"o":{"x":0.324,"y":0.001},"n":"0p657_1_0p324_0p001","t":8,"s":[61.563,-10.593,0],"e":[60.063,-16.804,0],"to":[0,0,0],"ti":[0,0,0]},{"i":{"x":0.667,"y":1},"o":{"x":0.77,"y":0},"n":"0p667_1_0p77_0","t":11,"s":[60.063,-16.804,0],"e":[60.063,-88.323,0],"to":[0,0,0],"ti":[0,0,0]},{"i":{"x":0.667,"y":1},"o":{"x":0.333,"y":0},"n":"0p667_1_0p333_0","t":20,"s":[60.063,-88.323,0],"e":[60.063,-47.593,0],"to":[0,0,0],"ti":[0,0,0]},{"t":24}]},"a":{"a":0,"k":[75.003,42.335,0]},"s":{"a":0,"k":[100,100,100]}},"ao":0,"shapes":[{"ty":"gr","it":[{"ind":0,"ty":"sh","ix":1,"ks":{"a":0,"k":{"i":[[0,0],[0,-3.77],[0,0],[3.77,0],[0,0],[0,0],[0,0],[0,3.77],[0,0],[-3.77,0],[0,0],[0,0],[0,0],[0,0]],"o":[[3.77,0],[0,0],[0,3.77],[0,0],[0,0],[0,0],[-3.77,0],[0,0],[0,-3.77],[0,0],[0,0],[0,0],[0,0],[0,0]],"v":[[44.136,-38.806],[51.026,-31.916],[51.026,-20.476],[44.136,-13.586],[33.735,-13.586],[-33.736,-13.586],[-44.137,-13.586],[-51.027,-20.476],[-51.027,-31.916],[-44.137,-38.806],[-20.995,-38.806],[-9.556,-38.806],[9.684,-38.806],[20.995,-38.806]],"c":true}},"nm":"Path 13","mn":"ADBE Vector Shape - Group"},{"ty":"mm","mm":1,"nm":"Merge Paths 1","mn":"ADBE Vector Filter - Merge"},{"ty":"fl","c":{"a":0,"k":[0,0,0,1]},"o":{"a":0,"k":100},"r":1,"nm":"Fill 1","mn":"ADBE Vector Graphic - Fill"},{"ty":"tr","p":{"a":0,"k":[75.003,68.531],"ix":2},"a":{"a":0,"k":[0,0],"ix":1},"s":{"a":0,"k":[100,100],"ix":3},"r":{"a":0,"k":0,"ix":6},"o":{"a":0,"k":100,"ix":7},"sk":{"a":0,"k":0,"ix":4},"sa":{"a":0,"k":0,"ix":5},"nm":"Transform"}],"nm":"Group 1","np":3,"cix":2,"ix":1,"mn":"ADBE Vector Group"}],"ip":0,"op":28,"st":-61,"bm":0,"sr":1}]}