{"v":"4.7.1","fr":60,"ip":0,"op":117,"w":150,"h":150,"nm":"Telephone_AnimOn","ddd":0,"assets":[],"layers":[{"ddd":0,"ind":1,"ty":4,"nm":"Lines","ks":{"o":{"a":0,"k":100},"r":{"a":0,"k":0},"p":{"a":0,"k":[75,29.077,0]},"a":{"a":0,"k":[0,0,0]},"s":{"a":0,"k":[92.286,92.286,100]}},"ao":0,"shapes":[{"ty":"gr","it":[{"d":1,"ty":"el","s":{"a":0,"k":[45.9,45.9]},"p":{"a":0,"k":[0,0]},"nm":"Ellipse Path 1","mn":"ADBE Vector Shape - Ellipse"},{"ty":"tm","s":{"a":0,"k":35,"ix":1},"e":{"a":0,"k":65,"ix":2},"o":{"a":0,"k":179,"ix":3},"m":1,"ix":2,"nm":"Trim Paths 1","mn":"ADBE Vector Filter - Trim"},{"ty":"st","c":{"a":0,"k":[0,0,0,1]},"o":{"a":0,"k":100},"w":{"a":1,"k":[{"i":{"x":[0.833],"y":[0.833]},"o":{"x":[0.167],"y":[0.167]},"n":["0p833_0p833_0p167_0p167"],"t":81,"s":[0],"e":[3]},{"i":{"x":[0.833],"y":[0.833]},"o":{"x":[0.167],"y":[0.167]},"n":["0p833_0p833_0p167_0p167"],"t":83,"s":[3],"e":[3]},{"i":{"x":[0.833],"y":[0.833]},"o":{"x":[0.167],"y":[0.167]},"n":["0p833_0p833_0p167_0p167"],"t":88,"s":[3],"e":[0]},{"t":95}]},"lc":2,"lj":2,"nm":"Stroke 1","mn":"ADBE Vector Graphic - Stroke"},{"ty":"tr","p":{"a":0,"k":[0,0],"ix":2},"a":{"a":0,"k":[0,0],"ix":1},"s":{"a":0,"k":[100,100],"ix":3},"r":{"a":0,"k":0,"ix":6},"o":{"a":0,"k":100,"ix":7},"sk":{"a":0,"k":0,"ix":4},"sa":{"a":0,"k":0,"ix":5},"nm":"Transform"}],"nm":"Ellipse 1","np":4,"cix":2,"ix":1,"mn":"ADBE Vector Group"}],"ip":79,"op":117,"st":21,"bm":0,"sr":1},{"ddd":0,"ind":2,"ty":4,"nm":"Lines","ks":{"o":{"a":0,"k":100},"r":{"a":0,"k":0},"p":{"a":0,"k":[75,29.539,0]},"a":{"a":0,"k":[0,0,0]},"s":{"a":0,"k":[92.286,92.286,100]}},"ao":0,"shapes":[{"ty":"gr","it":[{"d":1,"ty":"el","s":{"a":0,"k":[30,30]},"p":{"a":0,"k":[0,0]},"nm":"Ellipse Path 1","mn":"ADBE Vector Shape - Ellipse"},{"ty":"tm","s":{"a":0,"k":35,"ix":1},"e":{"a":0,"k":65,"ix":2},"o":{"a":0,"k":179,"ix":3},"m":1,"ix":2,"nm":"Trim Paths 1","mn":"ADBE Vector Filter - Trim"},{"ty":"st","c":{"a":0,"k":[0,0,0,1]},"o":{"a":0,"k":100},"w":{"a":1,"k":[{"i":{"x":[0.833],"y":[0.833]},"o":{"x":[0.167],"y":[0.167]},"n":["0p833_0p833_0p167_0p167"],"t":75,"s":[0],"e":[3]},{"i":{"x":[0.833],"y":[0.833]},"o":{"x":[0.167],"y":[0.167]},"n":["0p833_0p833_0p167_0p167"],"t":77,"s":[3],"e":[3]},{"i":{"x":[0.833],"y":[0.833]},"o":{"x":[0.167],"y":[0.167]},"n":["0p833_0p833_0p167_0p167"],"t":80,"s":[3],"e":[0]},{"t":85}]},"lc":2,"lj":2,"nm":"Stroke 1","mn":"ADBE Vector Graphic - Stroke"},{"ty":"tr","p":{"a":0,"k":[0,0],"ix":2},"a":{"a":0,"k":[0,0],"ix":1},"s":{"a":0,"k":[100,100],"ix":3},"r":{"a":0,"k":0,"ix":6},"o":{"a":0,"k":100,"ix":7},"sk":{"a":0,"k":0,"ix":4},"sa":{"a":0,"k":0,"ix":5},"nm":"Transform"}],"nm":"Ellipse 1","np":4,"cix":2,"ix":1,"mn":"ADBE Vector Group"}],"ip":73,"op":117,"st":15,"bm":0,"sr":1},{"ddd":0,"ind":3,"ty":3,"nm":"Scaler","ks":{"o":{"a":0,"k":0},"r":{"a":0,"k":0},"p":{"a":1,"k":[{"i":{"x":0.833,"y":0.833},"o":{"x":0.333,"y":0},"n":"0p833_0p833_0p333_0","t":8,"s":[74.94,145.928,0],"e":[74.94,119.928,0],"to":[0,0,0],"ti":[0,0,0]},{"i":{"x":0.667,"y":1},"o":{"x":0.167,"y":0.167},"n":"0p667_1_0p167_0p167","t":18,"s":[74.94,119.928,0],"e":[74.94,115.928,0],"to":[0,0,0],"ti":[0,0,0]},{"t":24}]},"a":{"a":0,"k":[60,60,0]},"s":{"a":1,"k":[{"i":{"x":[0.833,0.833,0.833],"y":[0.967,0.967,-2.333]},"o":{"x":[0.333,0.333,0.333],"y":[0,0,0]},"n":["0p833_0p967_0p333_0","0p833_0p967_0p333_0","0p833_-2p333_0p333_0"],"t":8,"s":[0,0,100],"e":[100,100,100]},{"i":{"x":[0.833,0.833,0.833],"y":[1,1,1]},"o":{"x":[0.167,0.167,0.167],"y":[0,0,0]},"n":["0p833_1_0p167_0","0p833_1_0p167_0","0p833_1_0p167_0"],"t":18,"s":[100,100,100],"e":[100,100,100]},{"t":24}]}},"ao":0,"ip":0,"op":117,"st":0,"bm":0,"sr":1},{"ddd":0,"ind":4,"ty":4,"nm":"Telephone","parent":3,"ks":{"o":{"a":0,"k":100},"r":{"a":0,"k":0},"p":{"a":0,"k":[60,60,0]},"a":{"a":0,"k":[74.94,112.928,0]},"s":{"a":0,"k":[100,100,100]}},"ao":0,"shapes":[{"ty":"gr","it":[{"ind":0,"ty":"sh","ix":1,"ks":{"a":0,"k":{"i":[[-2.601,0],[0,2.601],[2.6,0],[0,-2.599]],"o":[[2.6,0],[0,-2.599],[-2.601,0],[0,2.601]],"v":[[12.286,33.737],[16.965,29.186],[12.286,24.507],[7.734,29.186]],"c":true}},"nm":"Path 1","mn":"ADBE Vector Shape - Group"},{"ind":1,"ty":"sh","ix":2,"ks":{"a":0,"k":{"i":[[-2.601,0],[0,2.6],[2.6,0],[0,-2.6]],"o":[[2.6,0],[0,-2.6],[-2.601,0],[0,2.6]],"v":[[12.286,21.776],[16.965,17.226],[12.286,12.546],[7.734,17.226]],"c":true}},"nm":"Path 2","mn":"ADBE Vector Shape - Group"},{"ind":2,"ty":"sh","ix":3,"ks":{"a":0,"k":{"i":[[-2.601,0],[0,2.6],[2.6,0],[0,-2.6]],"o":[[2.6,0],[0,-2.6],[-2.601,0],[0,2.6]],"v":[[12.286,9.816],[16.965,5.265],[12.286,0.585],[7.734,5.265]],"c":true}},"nm":"Path 3","mn":"ADBE Vector Shape - Group"},{"ind":3,"ty":"sh","ix":4,"ks":{"a":0,"k":{"i":[[-2.601,0],[0,2.6],[2.6,0],[0,-2.6]],"o":[[2.6,0],[0,-2.6],[-2.601,0],[0,2.6]],"v":[[12.286,-2.145],[16.965,-6.695],[12.286,-11.375],[7.734,-6.695]],"c":true}},"nm":"Path 4","mn":"ADBE Vector Shape - Group"},{"ind":4,"ty":"sh","ix":5,"ks":{"a":0,"k":{"i":[[-2.601,0],[0,2.601],[2.599,0],[0,-2.599]],"o":[[2.599,0],[0,-2.599],[-2.601,0],[0,2.601]],"v":[[-0.065,33.737],[4.615,29.186],[-0.065,24.507],[-4.615,29.186]],"c":true}},"nm":"Path 5","mn":"ADBE Vector Shape - Group"},{"ind":5,"ty":"sh","ix":6,"ks":{"a":0,"k":{"i":[[-2.601,0],[0,2.6],[2.599,0],[0,-2.6]],"o":[[2.599,0],[0,-2.6],[-2.601,0],[0,2.6]],"v":[[-0.065,21.776],[4.615,17.226],[-0.065,12.546],[-4.615,17.226]],"c":true}},"nm":"Path 6","mn":"ADBE Vector Shape - Group"},{"ind":6,"ty":"sh","ix":7,"ks":{"a":0,"k":{"i":[[-2.601,0],[0,2.6],[2.599,0],[0,-2.6]],"o":[[2.599,0],[0,-2.6],[-2.601,0],[0,2.6]],"v":[[-0.065,9.816],[4.615,5.265],[-0.065,0.585],[-4.615,5.265]],"c":true}},"nm":"Path 7","mn":"ADBE Vector Shape - Group"},{"ind":7,"ty":"sh","ix":8,"ks":{"a":0,"k":{"i":[[-2.601,0],[0,2.6],[2.599,0],[0,-2.6]],"o":[[2.599,0],[0,-2.6],[-2.601,0],[0,2.6]],"v":[[-0.065,-2.145],[4.615,-6.695],[-0.065,-11.375],[-4.615,-6.695]],"c":true}},"nm":"Path 8","mn":"ADBE Vector Shape - Group"},{"ind":8,"ty":"sh","ix":9,"ks":{"a":0,"k":{"i":[[-2.6,0],[0,2.601],[2.6,0],[0,-2.599]],"o":[[2.6,0],[0,-2.599],[-2.6,0],[0,2.601]],"v":[[-12.415,33.737],[-7.736,29.186],[-12.415,24.507],[-16.965,29.186]],"c":true}},"nm":"Path 9","mn":"ADBE Vector Shape - Group"},{"ind":9,"ty":"sh","ix":10,"ks":{"a":0,"k":{"i":[[-2.6,0],[0,2.6],[2.6,0],[0,-2.6]],"o":[[2.6,0],[0,-2.6],[-2.6,0],[0,2.6]],"v":[[-12.415,21.776],[-7.736,17.226],[-12.415,12.546],[-16.965,17.226]],"c":true}},"nm":"Path 10","mn":"ADBE Vector Shape - Group"},{"ind":10,"ty":"sh","ix":11,"ks":{"a":0,"k":{"i":[[-2.6,0],[0,2.6],[2.6,0],[0,-2.6]],"o":[[2.6,0],[0,-2.6],[-2.6,0],[0,2.6]],"v":[[-12.415,9.816],[-7.736,5.265],[-12.415,0.585],[-16.965,5.265]],"c":true}},"nm":"Path 11","mn":"ADBE Vector Shape - Group"},{"ind":11,"ty":"sh","ix":12,"ks":{"a":0,"k":{"i":[[-2.6,0],[0,2.6],[2.6,0],[0,-2.6]],"o":[[2.6,0],[0,-2.6],[-2.6,0],[0,2.6]],"v":[[-12.415,-2.145],[-7.736,-6.695],[-12.415,-11.375],[-16.965,-6.695]],"c":true}},"nm":"Path 12","mn":"ADBE Vector Shape - Group"},{"ind":12,"ty":"sh","ix":13,"ks":{"a":0,"k":{"i":[[0,0],[0,0],[0,0],[5.07,0],[0,0],[0,4.81],[0,0],[0,0],[0,0],[0,0],[-2.86,0],[0,0],[0,-2.73],[0,0],[0,0],[0,0],[-2.731,0],[0,0],[0,-2.73],[0,0]],"o":[[0,0],[0,0],[0,4.81],[0,0],[-4.681,0],[0,0],[0,0],[0,0],[0,0],[0,-2.73],[0,0],[2.86,0],[0,0],[0,0],[0,0],[0,-2.73],[0,0],[2.86,0],[0,0],[0,0]],"v":[[33.898,-24.862],[33.735,-13.586],[33.735,35.947],[25.156,44.397],[-25.156,44.397],[-33.736,35.947],[-33.736,-13.586],[-34.023,-25.362],[-20.995,-38.806],[-20.995,-39.326],[-15.796,-44.397],[-14.626,-44.397],[-9.556,-39.326],[-9.556,-38.806],[9.685,-38.806],[9.685,-39.326],[14.625,-44.397],[15.925,-44.397],[20.996,-39.326],[20.996,-38.806]],"c":true}},"nm":"Path 13","mn":"ADBE Vector Shape - Group"},{"ty":"fl","c":{"a":0,"k":[0,0,0,1]},"o":{"a":0,"k":100},"r":1,"nm":"Fill 1","mn":"ADBE Vector Graphic - Fill"},{"ty":"tr","p":{"a":0,"k":[75.003,68.531],"ix":2},"a":{"a":0,"k":[0,0],"ix":1},"s":{"a":0,"k":[100,100],"ix":3},"r":{"a":0,"k":0,"ix":6},"o":{"a":0,"k":100,"ix":7},"sk":{"a":0,"k":0,"ix":4},"sa":{"a":0,"k":0,"ix":5},"nm":"Transform"}],"nm":"Group 1","np":14,"cix":2,"ix":1,"mn":"ADBE Vector Group"}],"ip":0,"op":117,"st":47,"bm":0,"sr":1},{"ddd":0,"ind":5,"ty":4,"nm":"Telephone","parent":3,"ks":{"o":{"a":0,"k":100},"r":{"a":1,"k":[{"i":{"x":[0],"y":[1]},"o":{"x":[0.333],"y":[0]},"n":["0_1_0p333_0"],"t":8,"s":[0],"e":[-4.4]},{"i":{"x":[0.833],"y":[0.967]},"o":{"x":[1],"y":[0]},"n":["0p833_0p967_1_0"],"t":28,"s":[-4.4],"e":[3.829]},{"i":{"x":[0.667],"y":[1]},"o":{"x":[0.167],"y":[0.033]},"n":["0p667_1_0p167_0p033"],"t":38,"s":[3.829],"e":[-0.727]},{"i":{"x":[0.833],"y":[0.967]},"o":{"x":[0.333],"y":[0]},"n":["0p833_0p967_0p333_0"],"t":41,"s":[-0.727],"e":[0]},{"i":{"x":[0.833],"y":[0.833]},"o":{"x":[0.167],"y":[0.167]},"n":["0p833_0p833_0p167_0p167"],"t":44,"s":[0],"e":[0]},{"t":67,"s":[0],"h":1},{"t":69,"s":[2],"h":1},{"t":71.533,"s":[-2],"h":1},{"t":74.068,"s":[2],"h":1},{"t":76.602,"s":[-1],"h":1},{"t":77.867,"s":[2],"h":1},{"t":80.4,"s":[-2],"h":1},{"t":82.936,"s":[1],"h":1},{"t":85,"s":[0],"h":1}]},"p":{"a":1,"k":[{"i":{"x":0.667,"y":1},"o":{"x":0.333,"y":0},"n":"0p667_1_0p333_0","t":16,"s":[60.063,-10.593,0],"e":[60.063,-29.593,0],"to":[0,0,0],"ti":[0,0,0]},{"i":{"x":0.833,"y":0.833},"o":{"x":0.333,"y":0},"n":"0p833_0p833_0p333_0","t":28,"s":[60.063,-29.593,0],"e":[60.063,-10.593,0],"to":[0,0,0],"ti":[0,0,0]},{"i":{"x":0.667,"y":1},"o":{"x":0.167,"y":0.167},"n":"0p667_1_0p167_0p167","t":38,"s":[60.063,-10.593,0],"e":[60.063,-12.593,0],"to":[0,0,0],"ti":[0,0,0]},{"i":{"x":0.833,"y":0.833},"o":{"x":0.333,"y":0},"n":"0p833_0p833_0p333_0","t":41,"s":[60.063,-12.593,0],"e":[60.063,-10.593,0],"to":[0,0,0],"ti":[0,0,0]},{"i":{"x":0.833,"y":0.833},"o":{"x":0.167,"y":0.167},"n":"0p833_0p833_0p167_0p167","t":44,"s":[60.063,-10.593,0],"e":[60.063,-10.593,0],"to":[0,0,0],"ti":[0,0,0]},{"t":67,"s":[60.063,-10.593,0],"h":1},{"t":69,"s":[60.063,-14.593,0],"h":1},{"t":71.533,"s":[61.063,-9.843,0],"h":1},{"t":74.068,"s":[58.563,-10.343,0],"h":1},{"t":76.602,"s":[61.563,-10.593,0],"h":1},{"t":77.867,"s":[60.063,-12.093,0],"h":1},{"t":80.4,"s":[61.063,-9.843,0],"h":1},{"t":82.936,"s":[58.563,-10.343,0],"h":1},{"t":85.46875,"s":[61.563,-10.593,0],"h":1}]},"a":{"a":0,"k":[75.003,42.335,0]},"s":{"a":0,"k":[100,100,100]}},"ao":0,"shapes":[{"ty":"gr","it":[{"ind":0,"ty":"sh","ix":1,"ks":{"a":0,"k":{"i":[[0,0],[0,-3.77],[0,0],[3.77,0],[0,0],[0,0],[0,0],[0,3.77],[0,0],[-3.77,0],[0,0],[0,0],[0,0],[0,0]],"o":[[3.77,0],[0,0],[0,3.77],[0,0],[0,0],[0,0],[-3.77,0],[0,0],[0,-3.77],[0,0],[0,0],[0,0],[0,0],[0,0]],"v":[[44.136,-38.806],[51.026,-31.916],[51.026,-20.476],[44.136,-13.586],[33.735,-13.586],[-33.736,-13.586],[-44.137,-13.586],[-51.027,-20.476],[-51.027,-31.916],[-44.137,-38.806],[-20.995,-38.806],[-9.556,-38.806],[9.684,-38.806],[20.995,-38.806]],"c":true}},"nm":"Path 13","mn":"ADBE Vector Shape - Group"},{"ty":"mm","mm":1,"nm":"Merge Paths 1","mn":"ADBE Vector Filter - Merge"},{"ty":"fl","c":{"a":0,"k":[0,0,0,1]},"o":{"a":0,"k":100},"r":1,"nm":"Fill 1","mn":"ADBE Vector Graphic - Fill"},{"ty":"tr","p":{"a":0,"k":[75.003,68.531],"ix":2},"a":{"a":0,"k":[0,0],"ix":1},"s":{"a":0,"k":[100,100],"ix":3},"r":{"a":0,"k":0,"ix":6},"o":{"a":0,"k":100,"ix":7},"sk":{"a":0,"k":0,"ix":4},"sa":{"a":0,"k":0,"ix":5},"nm":"Transform"}],"nm":"Group 1","np":3,"cix":2,"ix":1,"mn":"ADBE Vector Group"}],"ip":0,"op":117,"st":47,"bm":0,"sr":1}]}