{"v":"4.7.1","fr":60,"ip":0,"op":68,"w":150,"h":150,"nm":"UsePencil_AnimOn","ddd":0,"assets":[],"layers":[{"ddd":0,"ind":1,"ty":4,"nm":"Pencil","ks":{"o":{"a":0,"k":100},"r":{"a":1,"k":[{"i":{"x":[0.25],"y":[1]},"o":{"x":[0.333],"y":[0]},"n":["0p25_1_0p333_0"],"t":1,"s":[276.61],"e":[354.81]},{"i":{"x":[0],"y":[1]},"o":{"x":[0.5],"y":[0]},"n":["0_1_0p5_0"],"t":40,"s":[354.81],"e":[360]},{"t":66}]},"p":{"a":1,"k":[{"i":{"x":0.25,"y":1},"o":{"x":0.333,"y":0},"n":"0p25_1_0p333_0","t":1,"s":[102.264,105.842,0],"e":[38.081,105.342,0],"to":[0,0,0],"ti":[0,0,0]},{"i":{"x":0,"y":1},"o":{"x":0.5,"y":0},"n":"0_1_0p5_0","t":40,"s":[38.081,105.342,0],"e":[64.195,86.27,0],"to":[0,0,0],"ti":[0,0,0]},{"t":66}]},"a":{"a":0,"k":[64.481,86.342,0]},"s":{"a":1,"k":[{"i":{"x":[0,0,0],"y":[1,1,1]},"o":{"x":[0.333,0.333,0.333],"y":[0,0,0]},"n":["0_1_0p333_0","0_1_0p333_0","0_1_0p333_0"],"t":1,"s":[0,0,100],"e":[100,100,100]},{"i":{"x":[0.25,0.25,0.25],"y":[1,1,1]},"o":{"x":[0.45,0.45,0.45],"y":[0,0,0]},"n":["0p25_1_0p45_0","0p25_1_0p45_0","0p25_1_0p45_0"],"t":26.02,"s":[100,100,100],"e":[100,100,100]},{"i":{"x":[0,0,0],"y":[1,1,1]},"o":{"x":[0.5,0.5,0.5],"y":[0,0,0]},"n":["0_1_0p5_0","0_1_0p5_0","0_1_0p5_0"],"t":40,"s":[100,100,100],"e":[100,100,100]},{"t":66}]}},"ao":0,"shapes":[{"ty":"gr","it":[{"ind":0,"ty":"sh","ix":1,"ks":{"a":0,"k":{"i":[[3.381,-3.51],[0,0],[5.72,5.33],[0,0],[0,0],[-3.64,-3.509]],"o":[[0,0],[0,0],[-4.68,-4.811],[0,0],[3.381,-3.38],[3.64,3.771]],"v":[[40.627,-29.122],[36.467,-25.091],[33.477,-34.581],[24.116,-37.441],[28.275,-41.473],[40.887,-41.863]],"c":true}},"nm":"Path 1","mn":"ADBE Vector Shape - Group"},{"ind":1,"ty":"sh","ix":2,"ks":{"a":0,"k":{"i":[[1.95,2.08],[1.3,-1.43],[0,0],[0,0],[-0.78,-1.04],[0,0],[0,0],[0,0]],"o":[[-2.081,-2.08],[0,0],[0,0],[0,0],[0.91,0.781],[0,0],[0,0],[1.3,-1.431]],"v":[[-4.355,3.51],[-10.465,2.21],[-10.596,2.21],[-12.676,8.581],[-10.726,9.88],[-9.555,11.571],[-3.314,9.621],[-3.186,9.621]],"c":true}},"nm":"Path 2","mn":"ADBE Vector Shape - Group"},{"ind":2,"ty":"sh","ix":3,"ks":{"a":0,"k":{"i":[[-3.119,-3.12],[1.82,-2.47],[0,0],[0,0],[0.13,0.13],[0,0],[0,0],[0,0]],"o":[[3.121,3.25],[0,0],[0,0],[0,0],[-0.129,-0.13],[0,0],[0,0],[2.47,-1.82]],"v":[[30.486,-31.462],[32.956,-21.581],[-0.846,12.09],[-17.486,16.77],[-17.747,16.64],[-17.747,16.51],[-12.936,-0.13],[20.605,-33.801]],"c":true}},"nm":"Path 3","mn":"ADBE Vector Shape - Group"},{"ty":"fl","c":{"a":0,"k":[0,0,0,1]},"o":{"a":0,"k":100},"r":1,"nm":"Fill 1","mn":"ADBE Vector Graphic - Fill"},{"ty":"tr","p":{"a":0,"k":[82.285,69.572],"ix":2},"a":{"a":0,"k":[0,0],"ix":1},"s":{"a":0,"k":[100,100],"ix":3},"r":{"a":0,"k":0,"ix":6},"o":{"a":0,"k":100,"ix":7},"sk":{"a":0,"k":0,"ix":4},"sa":{"a":0,"k":0,"ix":5},"nm":"Transform"}],"nm":"Group 1","np":5,"cix":2,"ix":1,"mn":"ADBE Vector Group"}],"ip":0,"op":68,"st":-160,"bm":0,"sr":1},{"ddd":0,"ind":2,"ty":4,"nm":"Line","ks":{"o":{"a":0,"k":100},"r":{"a":0,"k":0},"p":{"a":0,"k":[75,74.4,0]},"a":{"a":0,"k":[0,0,0]},"s":{"a":0,"k":[100,100,100]}},"ao":0,"shapes":[{"ty":"gr","it":[{"ind":0,"ty":"sh","ix":1,"ks":{"a":0,"k":{"i":[[0,0],[0,0]],"o":[[0,0],[0,0]],"v":[[-36.983,35.558],[27.5,35.558]],"c":false}},"nm":"Path 1","mn":"ADBE Vector Shape - Group"},{"ty":"tm","s":{"a":0,"k":0,"ix":1},"e":{"a":0,"k":100,"ix":2},"o":{"a":0,"k":0,"ix":3},"m":1,"ix":2,"nm":"Trim Paths 1","mn":"ADBE Vector Filter - Trim"},{"ty":"st","c":{"a":0,"k":[0,0,0,1]},"o":{"a":0,"k":100},"w":{"a":0,"k":9.2},"lc":1,"lj":1,"ml":4,"nm":"Stroke 2","mn":"ADBE Vector Graphic - Stroke"},{"ty":"tr","p":{"a":0,"k":[0,0],"ix":2},"a":{"a":0,"k":[0,0],"ix":1},"s":{"a":0,"k":[100,100],"ix":3},"r":{"a":0,"k":0,"ix":6},"o":{"a":0,"k":100,"ix":7},"sk":{"a":0,"k":0,"ix":4},"sa":{"a":0,"k":0,"ix":5},"nm":"Transform"}],"nm":"Shape 1","np":4,"cix":2,"ix":1,"mn":"ADBE Vector Group"},{"ty":"tm","s":{"a":1,"k":[{"i":{"x":[0.25],"y":[1]},"o":{"x":[0.333],"y":[0]},"n":["0p25_1_0p333_0"],"t":1,"s":[100],"e":[0]},{"t":40}],"ix":1},"e":{"a":0,"k":100,"ix":2},"o":{"a":0,"k":0,"ix":3},"m":1,"ix":2,"nm":"Trim Paths 1","mn":"ADBE Vector Filter - Trim"}],"ip":0,"op":48,"st":-160,"bm":0,"sr":1},{"ddd":0,"ind":3,"ty":4,"nm":"Matte","parent":1,"td":1,"ks":{"o":{"a":0,"k":100},"r":{"a":0,"k":360},"p":{"a":0,"k":[63.981,85.342,0]},"a":{"a":0,"k":[64.481,86.342,0]},"s":{"a":0,"k":[100,100,100]}},"ao":0,"shapes":[{"ty":"gr","it":[{"ind":0,"ty":"sh","ix":1,"ks":{"a":0,"k":{"i":[[0,0],[0,0],[0,0],[0,1.667],[1,-0.667],[0,0],[0,0],[0,0],[0,0],[0,0]],"o":[[0,0],[0,0],[0,0],[0,-1.667],[-1,0.667],[0,0],[0,0],[0,0],[0,0],[0,0]],"v":[[106.786,18.405],[25.452,22.738],[21.119,135.738],[143.119,136.405],[140.452,25.071],[132.119,40.071],[83.119,88.071],[59.786,92.738],[64.452,67.405],[104.119,24.738]],"c":true}},"nm":"Path 1","mn":"ADBE Vector Shape - Group"},{"ty":"fl","c":{"a":0,"k":[1,1,1,1]},"o":{"a":0,"k":100},"r":1,"nm":"Fill 1","mn":"ADBE Vector Graphic - Fill"},{"ty":"tr","p":{"a":0,"k":[0,0],"ix":2},"a":{"a":0,"k":[0,0],"ix":1},"s":{"a":0,"k":[100,100],"ix":3},"r":{"a":0,"k":0,"ix":6},"o":{"a":0,"k":100,"ix":7},"sk":{"a":0,"k":0,"ix":4},"sa":{"a":0,"k":0,"ix":5},"nm":"Transform"}],"nm":"Shape 2","np":2,"cix":2,"ix":1,"mn":"ADBE Vector Group"}],"ip":48,"op":68,"st":-160,"bm":0,"sr":1},{"ddd":0,"ind":4,"ty":4,"nm":"Box","tt":1,"ks":{"o":{"a":0,"k":100},"r":{"a":0,"k":0},"p":{"a":0,"k":[70.259,109.483,0]},"a":{"a":0,"k":[-4.741,34.333,0]},"s":{"a":0,"k":[100,100,100]}},"ao":0,"shapes":[{"ty":"gr","it":[{"ind":0,"ty":"sh","ix":1,"ks":{"a":1,"k":[{"i":{"x":0,"y":1},"o":{"x":0.167,"y":0},"n":"0_1_0p167_0","t":47,"s":[{"i":[[0,0],[0,0],[0,0],[0,0]],"o":[[0,0],[0,0],[0,0],[0,0]],"v":[[27.058,34.939],[-28.215,35.004],[-28.214,35.164],[27.059,35.1]],"c":true}],"e":[{"i":[[0,0],[0,0],[0,0],[0,0]],"o":[[0,0],[0,0],[0,0],[0,0]],"v":[[26.988,-34.286],[-28.286,-34.221],[-28.214,35.164],[27.059,35.1]],"c":true}]},{"t":66}]},"nm":"Path 1","mn":"ADBE Vector Shape - Group"},{"ty":"st","c":{"a":0,"k":[0,0,0,1]},"o":{"a":0,"k":100},"w":{"a":0,"k":9.2},"lc":1,"lj":1,"ml":4,"nm":"Stroke 1","mn":"ADBE Vector Graphic - Stroke"},{"ty":"tr","p":{"a":0,"k":[-4.167,-0.35],"ix":2},"a":{"a":0,"k":[0,0],"ix":1},"s":{"a":0,"k":[100,100],"ix":3},"r":{"a":0,"k":0,"ix":6},"o":{"a":0,"k":100,"ix":7},"sk":{"a":0,"k":0,"ix":4},"sa":{"a":0,"k":0,"ix":5},"nm":"Transform"}],"nm":"Rectangle 2","np":2,"cix":2,"ix":1,"mn":"ADBE Vector Group"}],"ip":48,"op":68,"st":-403,"bm":0,"sr":1}]}